-- MySQL dump 10.13  Distrib 8.0.19, for Win64 (x86_64)
--
-- Host: localhost    Database: cafealpaso_diazpaula
-- ------------------------------------------------------
-- Server version	8.0.37

/*!40101 SET @OLD_CHARACTER_SET_CLIENT=@@CHARACTER_SET_CLIENT */;
/*!40101 SET @OLD_CHARACTER_SET_RESULTS=@@CHARACTER_SET_RESULTS */;
/*!40101 SET @OLD_COLLATION_CONNECTION=@@COLLATION_CONNECTION */;
/*!50503 SET NAMES utf8mb4 */;
/*!40103 SET @OLD_TIME_ZONE=@@TIME_ZONE */;
/*!40103 SET TIME_ZONE='+00:00' */;
/*!40014 SET @OLD_UNIQUE_CHECKS=@@UNIQUE_CHECKS, UNIQUE_CHECKS=0 */;
/*!40014 SET @OLD_FOREIGN_KEY_CHECKS=@@FOREIGN_KEY_CHECKS, FOREIGN_KEY_CHECKS=0 */;
/*!40101 SET @OLD_SQL_MODE=@@SQL_MODE, SQL_MODE='NO_AUTO_VALUE_ON_ZERO' */;
/*!40111 SET @OLD_SQL_NOTES=@@SQL_NOTES, SQL_NOTES=0 */;

--
-- Temporary view structure for view `active_promotions_vw`
--

DROP TABLE IF EXISTS `active_promotions_vw`;
/*!50001 DROP VIEW IF EXISTS `active_promotions_vw`*/;
SET @saved_cs_client     = @@character_set_client;
/*!50503 SET character_set_client = utf8mb4 */;
/*!50001 CREATE VIEW `active_promotions_vw` AS SELECT 
 1 AS `PROMOTION_NAME`,
 1 AS `DISCOUNT`,
 1 AS `START_DATE`,
 1 AS `END_DATE`,
 1 AS `APPLICABLE_TO_ALL`,
 1 AS `USER_ID`,
 1 AS `PLAN_ID`*/;
SET character_set_client = @saved_cs_client;

--
-- Table structure for table `cafeteria_menu`
--

DROP TABLE IF EXISTS `cafeteria_menu`;
/*!40101 SET @saved_cs_client     = @@character_set_client */;
/*!50503 SET character_set_client = utf8mb4 */;
CREATE TABLE `cafeteria_menu` (
  `CAFETERIA_ID` int NOT NULL,
  `ITEM_ID` int NOT NULL,
  PRIMARY KEY (`CAFETERIA_ID`,`ITEM_ID`),
  KEY `ITEM_ID` (`ITEM_ID`),
  CONSTRAINT `cafeteria_menu_ibfk_1` FOREIGN KEY (`CAFETERIA_ID`) REFERENCES `cafeterias` (`CAFETERIA_ID`),
  CONSTRAINT `cafeteria_menu_ibfk_2` FOREIGN KEY (`ITEM_ID`) REFERENCES `menu_items` (`ITEM_ID`)
) ENGINE=InnoDB DEFAULT CHARSET=utf8mb4 COLLATE=utf8mb4_0900_ai_ci COMMENT='Almacena la información de la variedad de items por cafetería';
/*!40101 SET character_set_client = @saved_cs_client */;

--
-- Dumping data for table `cafeteria_menu`
--

LOCK TABLES `cafeteria_menu` WRITE;
/*!40000 ALTER TABLE `cafeteria_menu` DISABLE KEYS */;
INSERT INTO `cafeteria_menu` VALUES (1,1),(7,1),(10,1),(12,1),(15,1),(16,1),(19,1),(1,2),(2,2),(8,2),(11,2),(13,2),(15,2),(17,2),(20,2),(1,3),(2,3),(3,3),(9,3),(11,3),(14,3),(16,3),(18,3),(1,4),(2,4),(3,4),(4,4),(10,4),(13,4),(15,4),(17,4),(19,4),(1,5),(2,5),(3,5),(4,5),(5,5),(11,5),(14,5),(16,5),(18,5),(20,5),(1,6),(2,6),(4,6),(5,6),(6,6),(12,6),(15,6),(17,6),(19,6),(1,7),(3,7),(5,7),(6,7),(7,7),(12,7),(14,7),(16,7),(18,7),(20,7),(2,8),(3,8),(6,8),(7,8),(8,8),(13,8),(15,8),(17,8),(19,8),(2,9),(4,9),(7,9),(8,9),(9,9),(14,9),(16,9),(18,9),(20,9),(3,10),(4,10),(8,10),(9,10),(10,10),(13,10),(15,10),(17,10),(19,10),(3,11),(5,11),(8,11),(9,11),(10,11),(11,11),(14,11),(16,11),(18,11),(20,11),(4,12),(5,12),(6,12),(9,12),(10,12),(11,12),(12,12),(17,12),(19,12),(4,13),(6,13),(7,13),(8,13),(10,13),(11,13),(12,13),(13,13),(16,13),(18,13),(20,13),(5,14),(6,14),(7,14),(8,14),(9,14),(11,14),(12,14),(13,14),(14,14),(17,14),(19,14),(5,15),(6,15),(7,15),(9,15),(10,15),(12,15),(13,15),(14,15),(15,15),(18,15),(20,15);
/*!40000 ALTER TABLE `cafeteria_menu` ENABLE KEYS */;
UNLOCK TABLES;
/*!50003 SET @saved_cs_client      = @@character_set_client */ ;
/*!50003 SET @saved_cs_results     = @@character_set_results */ ;
/*!50003 SET @saved_col_connection = @@collation_connection */ ;
/*!50003 SET character_set_client  = utf8mb4 */ ;
/*!50003 SET character_set_results = utf8mb4 */ ;
/*!50003 SET collation_connection  = utf8mb4_0900_ai_ci */ ;
/*!50003 SET @saved_sql_mode       = @@sql_mode */ ;
/*!50003 SET sql_mode              = 'ONLY_FULL_GROUP_BY,STRICT_TRANS_TABLES,NO_ZERO_IN_DATE,NO_ZERO_DATE,ERROR_FOR_DIVISION_BY_ZERO,NO_ENGINE_SUBSTITUTION' */ ;
DELIMITER ;;
/*!50003 CREATE*/ /*!50017 DEFINER=`root`@`localhost`*/ /*!50003 TRIGGER `BeforeCoffeeTypeInsert` BEFORE INSERT ON `cafeteria_menu` FOR EACH ROW BEGIN
    DECLARE coffeeTypeExists INT;
    DECLARE coffeeTypeName VARCHAR(255);

    -- Obtener el nombre del tipo de café que se intenta insertar
    SELECT ITEM_NAME INTO coffeeTypeName
    FROM MENU_ITEMS
    WHERE ITEM_ID = NEW.ITEM_ID;

    -- Verificar si el tipo de café ya existe para la cafetería
    SELECT COUNT(*) INTO coffeeTypeExists
    FROM CAFETERIA_MENU cm
    JOIN MENU_ITEMS mi ON cm.ITEM_ID = mi.ITEM_ID
    WHERE cm.CAFETERIA_ID = NEW.CAFETERIA_ID
      AND mi.ITEM_NAME = coffeeTypeName;

    -- Si ya existe, registrar en la tabla de logs y lanzar un error
    IF coffeeTypeExists > 0 THEN
        -- Registrar en la tabla de logs
        INSERT INTO TriggerLogs (Message) 
        VALUES (CONCAT('Intento de insertar el tipo de café "', coffeeTypeName, '" que ya existe en el menú de la cafetería con ID ', NEW.CAFETERIA_ID, '.'));

        -- Lanzar el error con un mensaje fijo
        SIGNAL SQLSTATE '45000'
        SET MESSAGE_TEXT = 'El tipo de café ya existe en el menú de la cafetería.';
    END IF;
END */;;
DELIMITER ;
/*!50003 SET sql_mode              = @saved_sql_mode */ ;
/*!50003 SET character_set_client  = @saved_cs_client */ ;
/*!50003 SET character_set_results = @saved_cs_results */ ;
/*!50003 SET collation_connection  = @saved_col_connection */ ;

--
-- Temporary view structure for view `cafeteria_menu_items_vw`
--

DROP TABLE IF EXISTS `cafeteria_menu_items_vw`;
/*!50001 DROP VIEW IF EXISTS `cafeteria_menu_items_vw`*/;
SET @saved_cs_client     = @@character_set_client;
/*!50503 SET character_set_client = utf8mb4 */;
/*!50001 CREATE VIEW `cafeteria_menu_items_vw` AS SELECT 
 1 AS `CAFETERIA_ID`,
 1 AS `NAME`,
 1 AS `ITEM_ID`,
 1 AS `ITEM_NAME`,
 1 AS `ITEM_TYPE`*/;
SET character_set_client = @saved_cs_client;

--
-- Temporary view structure for view `cafeteria_reviews_vw`
--

DROP TABLE IF EXISTS `cafeteria_reviews_vw`;
/*!50001 DROP VIEW IF EXISTS `cafeteria_reviews_vw`*/;
SET @saved_cs_client     = @@character_set_client;
/*!50503 SET character_set_client = utf8mb4 */;
/*!50001 CREATE VIEW `cafeteria_reviews_vw` AS SELECT 
 1 AS `CAFETERIA_ID`,
 1 AS `NAME`,
 1 AS `REVIEW_COUNT`,
 1 AS `AVERAGE_RATING`*/;
SET character_set_client = @saved_cs_client;

--
-- Table structure for table `cafeterias`
--

DROP TABLE IF EXISTS `cafeterias`;
/*!40101 SET @saved_cs_client     = @@character_set_client */;
/*!50503 SET character_set_client = utf8mb4 */;
CREATE TABLE `cafeterias` (
  `CAFETERIA_ID` int NOT NULL AUTO_INCREMENT,
  `NAME` varchar(100) NOT NULL,
  `ADDRESS` varchar(100) NOT NULL,
  `PHONE` varchar(25) NOT NULL,
  `EMAIL` varchar(100) NOT NULL,
  `OPENING_HOURS` varchar(50) DEFAULT NULL,
  `CLOSING_HOURS` varchar(50) DEFAULT NULL,
  PRIMARY KEY (`CAFETERIA_ID`)
) ENGINE=InnoDB AUTO_INCREMENT=21 DEFAULT CHARSET=utf8mb4 COLLATE=utf8mb4_0900_ai_ci COMMENT='Almacena la información de las cafeterias';
/*!40101 SET character_set_client = @saved_cs_client */;

--
-- Dumping data for table `cafeterias`
--

LOCK TABLES `cafeterias` WRITE;
/*!40000 ALTER TABLE `cafeterias` DISABLE KEYS */;
INSERT INTO `cafeterias` VALUES (1,'Café Martínez','Calle Güemes 2551','223-495-1234','martinez@example.com','08:00','20:00'),(2,'Café Boston','Av. Colón 1902','223-494-5678','boston@example.com','07:00','20:00'),(3,'La Fonte D\'Oro','Calle San Martín 2444','223-493-9876','lafontedoro@example.com','07:00','22:00'),(4,'Café Havanna','Av. Juan B. Justo 1367','223-491-2468','havanna@example.com','09:00','21:00'),(5,'Café Cabrales','Calle Rivadavia 3108','223-492-7890','cabrales@example.com','08:00','19:00'),(6,'Café Antares','Calle Córdoba 3025','223-496-1234','antares@example.com','10:00','24:00'),(7,'Café La Vereda','Av. Independencia 1784','223-495-5678','lavereda@example.com','07:30','20:30'),(8,'Café Oliva','Calle Alem 3440','223-493-9876','oliva@example.com','09:30','21:30'),(9,'Café Soriano','Calle San Juan 2112','223-491-2468','soriano@example.com','09:00','21:00'),(10,'Café Pueyrredón','Av. Pueyrredón 2901','223-492-7890','pueyrredon@example.com','08:00','20:00'),(11,'Café Montesco','Calle Alberti 1565','223-496-1357','montesco@example.com','08:00','20:00'),(12,'Café Boulevard','Calle Güemes 3456','223-497-2468','boulevard@example.com','07:00','20:00'),(13,'Café Argentino','Av. Libertad 890','223-493-1357','argentino@example.com','08:00','21:00'),(14,'Café Paris','Calle Moreno 2121','223-495-5678','paris@example.com','08:00','22:00'),(15,'Café Horizonte','Calle Santiago del Estero 3456','223-496-7890','horizonte@example.com','09:00','21:00'),(16,'Café Rincón','Av. Constitución 1234','223-497-5678','rincon@example.com','10:00','18:00'),(17,'Café Nueva Era','Calle Mitre 4567','223-495-1357','nuevaera@example.com','11:00','21:00'),(18,'Café Del Mar','Av. Peralta Ramos 1111','223-496-7890','delmar@example.com','08:00','20:00'),(19,'Café Plaza','Calle La Rioja 5678','223-497-2468','plaza@example.com','07:00','20:00'),(20,'Café Italiano','Av. Luro 3456','223-495-1357','italiano@example.com','08:00','22:00');
/*!40000 ALTER TABLE `cafeterias` ENABLE KEYS */;
UNLOCK TABLES;

--
-- Table structure for table `consumptions`
--

DROP TABLE IF EXISTS `consumptions`;
/*!40101 SET @saved_cs_client     = @@character_set_client */;
/*!50503 SET character_set_client = utf8mb4 */;
CREATE TABLE `consumptions` (
  `CONSUMPTION_ID` int NOT NULL AUTO_INCREMENT,
  `USER_ID` int DEFAULT NULL,
  `CAFETERIA_ID` int DEFAULT NULL,
  `SUBSCRIPTION_ID` int DEFAULT NULL,
  `DATE` datetime DEFAULT NULL,
  `TYPE` varchar(15) DEFAULT NULL,
  PRIMARY KEY (`CONSUMPTION_ID`),
  KEY `USER_ID` (`USER_ID`),
  KEY `CAFETERIA_ID` (`CAFETERIA_ID`),
  KEY `SUBSCRIPTION_ID` (`SUBSCRIPTION_ID`),
  CONSTRAINT `consumptions_ibfk_1` FOREIGN KEY (`USER_ID`) REFERENCES `users` (`USER_ID`),
  CONSTRAINT `consumptions_ibfk_2` FOREIGN KEY (`CAFETERIA_ID`) REFERENCES `cafeterias` (`CAFETERIA_ID`),
  CONSTRAINT `consumptions_ibfk_3` FOREIGN KEY (`SUBSCRIPTION_ID`) REFERENCES `subscription` (`SUBSCRIPTION_ID`)
) ENGINE=InnoDB AUTO_INCREMENT=54 DEFAULT CHARSET=utf8mb4 COLLATE=utf8mb4_0900_ai_ci COMMENT='Almacena información de las consumiciones de los usuarios';
/*!40101 SET character_set_client = @saved_cs_client */;

--
-- Dumping data for table `consumptions`
--

LOCK TABLES `consumptions` WRITE;
/*!40000 ALTER TABLE `consumptions` DISABLE KEYS */;
INSERT INTO `consumptions` VALUES (1,15,3,10,'2023-08-12 00:00:00','tradicional'),(2,15,7,10,'2023-09-05 00:00:00','especial'),(3,42,12,20,'2023-10-20 00:00:00','tradicional'),(4,58,5,9,'2023-11-01 00:00:00','especial'),(5,67,19,23,'2023-12-15 00:00:00','tradicional'),(6,73,2,14,'2024-01-30 00:00:00','especial'),(7,85,8,25,'2024-02-22 00:00:00','tradicional'),(8,92,4,18,'2024-03-14 00:00:00','especial'),(9,104,17,22,'2024-04-08 00:00:00','tradicional'),(10,116,11,7,'2024-05-19 00:00:00','especial'),(11,123,9,24,'2024-06-10 00:00:00','tradicional'),(12,137,6,13,'2024-07-01 00:00:00','especial'),(13,149,16,21,'2024-08-23 00:00:00','tradicional'),(14,156,13,12,'2024-09-12 00:00:00','especial'),(15,164,20,19,'2024-10-05 00:00:00','tradicional'),(16,175,1,8,'2024-11-18 00:00:00','especial'),(17,182,15,17,'2024-12-30 00:00:00','tradicional'),(18,191,18,10,'2025-01-22 00:00:00','especial'),(19,203,7,16,'2025-02-14 00:00:00','tradicional'),(20,210,14,11,'2025-03-07 00:00:00','especial'),(21,15,3,10,'2024-07-31 00:00:00','tradicional'),(22,15,3,10,'2024-07-31 00:00:00','tradicional'),(23,15,3,10,'2024-07-31 00:00:00','tradicional'),(24,15,3,10,'2024-07-31 00:00:00','tradicional'),(25,15,3,10,'2024-07-31 00:00:00','tradicional'),(26,15,3,10,'2024-07-31 00:00:00','tradicional'),(27,15,3,10,'2024-07-31 00:00:00','tradicional'),(28,15,3,10,'2024-07-31 00:00:00','tradicional'),(29,15,3,10,'2024-07-31 00:00:00','tradicional'),(30,15,3,10,'2024-07-31 00:00:00','tradicional'),(31,15,3,10,'2024-07-31 00:00:00','especial'),(32,15,3,10,'2024-07-31 00:00:00','especial'),(33,15,3,10,'2024-07-31 00:00:00','especial'),(34,15,3,10,'2024-07-31 00:00:00','especial'),(35,15,3,10,'2024-07-31 00:00:00','especial'),(36,92,3,10,'2024-07-31 00:00:00','especial'),(37,92,3,10,'2024-07-31 00:00:00','especial'),(38,92,3,10,'2024-07-31 00:00:00','especial'),(39,92,3,10,'2024-07-31 00:00:00','especial'),(40,92,3,10,'2024-07-31 00:00:00','especial'),(41,92,3,10,'2024-07-31 00:00:00','tradicional'),(42,25,3,10,'2024-07-31 00:00:00','tradicional'),(43,25,3,10,'2024-07-31 00:00:00','tradicional'),(44,25,3,10,'2024-07-31 00:00:00','especial'),(45,25,3,10,'2024-07-31 00:00:00','especial'),(46,25,3,10,'2024-07-31 00:00:00','tradicional'),(47,25,3,10,'2024-07-31 00:00:00','especial'),(48,25,3,10,'2024-07-31 00:00:00','especial'),(49,25,3,10,'2024-07-31 00:00:00','especial'),(50,25,3,10,'2024-07-31 00:00:00','especial'),(51,25,3,10,'2024-07-31 00:00:00','tradicional'),(52,182,15,17,'2024-07-31 00:00:00','tradicional'),(53,181,15,17,'2024-07-31 00:00:00','tradicional');
/*!40000 ALTER TABLE `consumptions` ENABLE KEYS */;
UNLOCK TABLES;
/*!50003 SET @saved_cs_client      = @@character_set_client */ ;
/*!50003 SET @saved_cs_results     = @@character_set_results */ ;
/*!50003 SET @saved_col_connection = @@collation_connection */ ;
/*!50003 SET character_set_client  = utf8mb4 */ ;
/*!50003 SET character_set_results = utf8mb4 */ ;
/*!50003 SET collation_connection  = utf8mb4_0900_ai_ci */ ;
/*!50003 SET @saved_sql_mode       = @@sql_mode */ ;
/*!50003 SET sql_mode              = 'ONLY_FULL_GROUP_BY,STRICT_TRANS_TABLES,NO_ZERO_IN_DATE,NO_ZERO_DATE,ERROR_FOR_DIVISION_BY_ZERO,NO_ENGINE_SUBSTITUTION' */ ;
DELIMITER ;;
/*!50003 CREATE*/ /*!50017 DEFINER=`root`@`localhost`*/ /*!50003 TRIGGER `AfterConsumptionInsert` AFTER INSERT ON `consumptions` FOR EACH ROW BEGIN
    DECLARE dailyLimitTrad INT DEFAULT 0;
    DECLARE dailyLimitSpec INT DEFAULT 0;
    DECLARE consumptionCountTrad INT DEFAULT 0;
    DECLARE consumptionCountSpec INT DEFAULT 0;

    -- Obtener los límites diarios para el usuario
    SELECT sp.DAILY_LIMIT_TRAD, sp.DAILY_LIMIT_SPEC
    INTO dailyLimitTrad, dailyLimitSpec
    FROM USERS u
    JOIN USER_SUBSCRIPTIONS us ON u.USER_ID = us.USER_ID
    JOIN SUBSCRIPTION_PLANS sp ON us.PLAN_ID = sp.PLAN_ID
    WHERE u.USER_ID = NEW.USER_ID;

    -- Contar consumiciones tradicionales del usuario en la fecha
    SELECT COUNT(*) INTO consumptionCountTrad
    FROM Consumptions
    WHERE USER_ID = NEW.USER_ID
      AND DATE(NEW.DATE) = DATE(DATE)
      AND TYPE = 'tradicional';

    -- Contar consumiciones especiales del usuario en la fecha
    SELECT COUNT(*) INTO consumptionCountSpec
    FROM Consumptions
    WHERE USER_ID = NEW.USER_ID
      AND DATE(NEW.DATE) = DATE(DATE)
      AND TYPE = 'especial';

    -- Verificar si se ha superado el límite para consumiciones tradicionales
    IF consumptionCountTrad > dailyLimitTrad THEN
        INSERT INTO LogTable (MESSAGE, LOG_DATE)
        VALUES (CONCAT('Límite diario de consumiciones tradicionales alcanzado para el usuario ', NEW.USER_ID, ' en la fecha ', NEW.DATE), NOW());
    END IF;

    -- Verificar si se ha superado el límite para consumiciones especiales
    IF consumptionCountSpec > dailyLimitSpec THEN
        INSERT INTO LogTable (MESSAGE, LOG_DATE)
        VALUES (CONCAT('Límite diario de consumiciones especiales alcanzado para el usuario ', NEW.USER_ID, ' en la fecha ', NEW.DATE), NOW());
    END IF;

END */;;
DELIMITER ;
/*!50003 SET sql_mode              = @saved_sql_mode */ ;
/*!50003 SET character_set_client  = @saved_cs_client */ ;
/*!50003 SET character_set_results = @saved_cs_results */ ;
/*!50003 SET collation_connection  = @saved_col_connection */ ;

--
-- Table structure for table `logtable`
--

DROP TABLE IF EXISTS `logtable`;
/*!40101 SET @saved_cs_client     = @@character_set_client */;
/*!50503 SET character_set_client = utf8mb4 */;
CREATE TABLE `logtable` (
  `LOG_ID` int NOT NULL AUTO_INCREMENT,
  `MESSAGE` text,
  `LOG_DATE` datetime DEFAULT NULL,
  PRIMARY KEY (`LOG_ID`)
) ENGINE=InnoDB AUTO_INCREMENT=20 DEFAULT CHARSET=utf8mb4 COLLATE=utf8mb4_0900_ai_ci;
/*!40101 SET character_set_client = @saved_cs_client */;

--
-- Dumping data for table `logtable`
--

LOCK TABLES `logtable` WRITE;
/*!40000 ALTER TABLE `logtable` DISABLE KEYS */;
INSERT INTO `logtable` VALUES (1,'Límite diario de consumiciones tradicionales alcanzado para el usuario 25 en la fecha 2024-07-31 00:00:00','2024-08-01 20:51:37'),(2,'Límite diario de consumiciones tradicionales alcanzado para el usuario 25 en la fecha 2024-07-31 00:00:00','2024-08-01 20:51:54'),(3,'Límite diario de consumiciones especiales alcanzado para el usuario 25 en la fecha 2024-07-31 00:00:00','2024-08-01 20:51:54'),(4,'Límite diario de consumiciones tradicionales alcanzado para el usuario 25 en la fecha 2024-07-31 00:00:00','2024-08-01 20:55:39'),(5,'Límite diario de consumiciones especiales alcanzado para el usuario 25 en la fecha 2024-07-31 00:00:00','2024-08-01 20:55:39'),(6,'Límite diario de consumiciones tradicionales alcanzado para el usuario 25 en la fecha 2024-07-31 00:00:00','2024-08-01 21:48:21'),(7,'Límite diario de consumiciones especiales alcanzado para el usuario 25 en la fecha 2024-07-31 00:00:00','2024-08-01 21:48:21'),(8,'Límite diario de consumiciones tradicionales alcanzado para el usuario 25 en la fecha 2024-07-31 00:00:00','2024-08-01 21:48:28'),(9,'Límite diario de consumiciones especiales alcanzado para el usuario 25 en la fecha 2024-07-31 00:00:00','2024-08-01 21:48:28'),(10,'Límite diario de consumiciones tradicionales alcanzado para el usuario 25 en la fecha 2024-07-31 00:00:00','2024-08-01 21:51:00'),(11,'Límite diario de consumiciones especiales alcanzado para el usuario 25 en la fecha 2024-07-31 00:00:00','2024-08-01 21:51:00'),(12,'Límite diario de consumiciones tradicionales alcanzado para el usuario 25 en la fecha 2024-07-31 00:00:00','2024-08-01 21:51:02'),(13,'Límite diario de consumiciones especiales alcanzado para el usuario 25 en la fecha 2024-07-31 00:00:00','2024-08-01 21:51:02'),(14,'Límite diario de consumiciones tradicionales alcanzado para el usuario 25 en la fecha 2024-07-31 00:00:00','2024-08-01 21:52:24'),(15,'Límite diario de consumiciones especiales alcanzado para el usuario 25 en la fecha 2024-07-31 00:00:00','2024-08-01 21:52:24'),(16,'Límite diario de consumiciones tradicionales alcanzado para el usuario 25 en la fecha 2024-07-31 00:00:00','2024-08-01 21:53:12'),(17,'Límite diario de consumiciones especiales alcanzado para el usuario 25 en la fecha 2024-07-31 00:00:00','2024-08-01 21:53:12'),(18,'Límite diario de consumiciones tradicionales alcanzado para el usuario 182 en la fecha 2024-07-31 00:00:00','2024-08-01 21:54:15'),(19,'Límite diario de consumiciones tradicionales alcanzado para el usuario 181 en la fecha 2024-07-31 00:00:00','2024-08-01 21:54:24');
/*!40000 ALTER TABLE `logtable` ENABLE KEYS */;
UNLOCK TABLES;

--
-- Table structure for table `menu_items`
--

DROP TABLE IF EXISTS `menu_items`;
/*!40101 SET @saved_cs_client     = @@character_set_client */;
/*!50503 SET character_set_client = utf8mb4 */;
CREATE TABLE `menu_items` (
  `ITEM_ID` int NOT NULL AUTO_INCREMENT,
  `ITEM_NAME` varchar(100) DEFAULT NULL,
  `ITEM_TYPE` varchar(15) DEFAULT NULL,
  PRIMARY KEY (`ITEM_ID`)
) ENGINE=InnoDB AUTO_INCREMENT=16 DEFAULT CHARSET=utf8mb4 COLLATE=utf8mb4_0900_ai_ci COMMENT='Almacena la información de los distintos cafés';
/*!40101 SET character_set_client = @saved_cs_client */;

--
-- Dumping data for table `menu_items`
--

LOCK TABLES `menu_items` WRITE;
/*!40000 ALTER TABLE `menu_items` DISABLE KEYS */;
INSERT INTO `menu_items` VALUES (1,'Espresso','TRADICIONAL'),(2,'Americano','TRADICIONAL'),(3,'Cappuccino','TRADICIONAL'),(4,'Latte','TRADICIONAL'),(5,'Mocha','TRADICIONAL'),(6,'Macchiato','TRADICIONAL'),(7,'Flat White','TRADICIONAL'),(8,'Affogato','TRADICIONAL'),(9,'Cold Brew','TRADICIONAL'),(10,'Nitro Coffee','ESPECIAL'),(11,'Caramel Macchiato','ESPECIAL'),(12,'Vanilla Latte','ESPECIAL'),(13,'Matcha Latte','ESPECIAL'),(14,'Irish Coffee','ESPECIAL'),(15,'Turkish Coffee','ESPECIAL');
/*!40000 ALTER TABLE `menu_items` ENABLE KEYS */;
UNLOCK TABLES;

--
-- Table structure for table `payment_history`
--

DROP TABLE IF EXISTS `payment_history`;
/*!40101 SET @saved_cs_client     = @@character_set_client */;
/*!50503 SET character_set_client = utf8mb4 */;
CREATE TABLE `payment_history` (
  `PAYMENT_ID` int NOT NULL AUTO_INCREMENT,
  `USER_ID` int DEFAULT NULL,
  `SUBSCRIPTION_ID` int DEFAULT NULL,
  `PAYMENT` decimal(10,2) DEFAULT NULL,
  `PAYMENT_DATE` datetime DEFAULT NULL,
  `PAYMENT_METHOD` varchar(30) DEFAULT NULL,
  PRIMARY KEY (`PAYMENT_ID`),
  KEY `USER_ID` (`USER_ID`),
  KEY `SUBSCRIPTION_ID` (`SUBSCRIPTION_ID`),
  CONSTRAINT `payment_history_ibfk_1` FOREIGN KEY (`USER_ID`) REFERENCES `users` (`USER_ID`),
  CONSTRAINT `payment_history_ibfk_2` FOREIGN KEY (`SUBSCRIPTION_ID`) REFERENCES `subscription` (`SUBSCRIPTION_ID`)
) ENGINE=InnoDB AUTO_INCREMENT=35 DEFAULT CHARSET=utf8mb4 COLLATE=utf8mb4_0900_ai_ci COMMENT='Almacena la información de los pagos de las suscripciones';
/*!40101 SET character_set_client = @saved_cs_client */;

--
-- Dumping data for table `payment_history`
--

LOCK TABLES `payment_history` WRITE;
/*!40000 ALTER TABLE `payment_history` DISABLE KEYS */;
INSERT INTO `payment_history` VALUES (1,12,1,30000.00,'2022-08-15 14:32:00','TARJETA'),(2,25,2,50000.00,'2022-09-12 10:21:00','TRANSFERENCIA'),(3,37,3,70000.00,'2022-10-20 09:15:00','TARJETA'),(4,41,4,100000.00,'2022-11-03 11:00:00','TRANSFERENCIA'),(5,56,5,130000.00,'2022-12-01 16:45:00','TARJETA'),(6,62,6,30000.00,'2023-01-10 13:05:00','TRANSFERENCIA'),(7,73,7,50000.00,'2023-02-22 17:30:00','TARJETA'),(8,85,8,70000.00,'2023-03-14 12:00:00','TRANSFERENCIA'),(9,91,9,100000.00,'2023-04-06 15:40:00','TARJETA'),(10,103,10,130000.00,'2023-05-22 18:20:00','TRANSFERENCIA'),(11,115,11,30000.00,'2023-06-17 14:10:00','TARJETA'),(12,129,12,50000.00,'2023-07-05 09:50:00','TRANSFERENCIA'),(13,136,13,70000.00,'2023-08-19 11:30:00','TARJETA'),(14,142,14,100000.00,'2023-09-15 16:00:00','TRANSFERENCIA'),(15,153,15,130000.00,'2023-10-09 12:40:00','TARJETA'),(16,164,1,30000.00,'2023-11-23 14:25:00','TRANSFERENCIA'),(17,175,2,50000.00,'2023-12-18 17:00:00','TARJETA'),(18,188,3,70000.00,'2024-01-10 15:15:00','TRANSFERENCIA'),(19,193,4,100000.00,'2024-02-25 10:35:00','TARJETA'),(20,204,5,130000.00,'2024-03-11 13:45:00','TRANSFERENCIA'),(21,217,6,30000.00,'2024-04-08 12:55:00','TARJETA'),(22,226,7,50000.00,'2024-05-20 11:25:00','TRANSFERENCIA'),(23,237,8,70000.00,'2024-06-01 16:10:00','TARJETA'),(24,245,9,100000.00,'2024-07-14 14:00:00','TRANSFERENCIA'),(25,258,10,130000.00,'2024-08-23 09:40:00','TARJETA'),(26,269,11,30000.00,'2024-09-17 13:20:00','TRANSFERENCIA'),(27,276,12,50000.00,'2024-10-11 15:50:00','TARJETA'),(28,287,13,70000.00,'2024-11-05 10:15:00','TRANSFERENCIA'),(29,293,14,100000.00,'2024-12-08 17:30:00','TARJETA'),(30,305,15,130000.00,'2025-01-19 14:45:00','TRANSFERENCIA'),(31,314,1,30000.00,'2025-02-25 16:00:00','TARJETA'),(32,327,2,50000.00,'2025-03-15 11:20:00','TRANSFERENCIA'),(33,336,3,70000.00,'2025-04-07 12:05:00','TARJETA'),(34,347,4,100000.00,'2025-05-01 13:50:00','TRANSFERENCIA');
/*!40000 ALTER TABLE `payment_history` ENABLE KEYS */;
UNLOCK TABLES;

--
-- Table structure for table `promotions`
--

DROP TABLE IF EXISTS `promotions`;
/*!40101 SET @saved_cs_client     = @@character_set_client */;
/*!50503 SET character_set_client = utf8mb4 */;
CREATE TABLE `promotions` (
  `PROMOTION_ID` int NOT NULL AUTO_INCREMENT,
  `PROMOTION_NAME` varchar(100) DEFAULT NULL,
  `DISCOUNT` decimal(5,2) DEFAULT NULL,
  `START_DATE` datetime DEFAULT NULL,
  `END_DATE` datetime DEFAULT NULL,
  `APPLICABLE_TO_ALL` tinyint(1) DEFAULT NULL,
  `USER_ID` int DEFAULT NULL,
  `PLAN_ID` int DEFAULT NULL,
  PRIMARY KEY (`PROMOTION_ID`),
  KEY `USER_ID` (`USER_ID`),
  KEY `PLAN_ID` (`PLAN_ID`),
  CONSTRAINT `promotions_ibfk_1` FOREIGN KEY (`USER_ID`) REFERENCES `users` (`USER_ID`),
  CONSTRAINT `promotions_ibfk_2` FOREIGN KEY (`PLAN_ID`) REFERENCES `subscription_plans` (`PLAN_ID`)
) ENGINE=InnoDB AUTO_INCREMENT=16 DEFAULT CHARSET=utf8mb4 COLLATE=utf8mb4_0900_ai_ci COMMENT='Almacena la información de promociones para suscripciones';
/*!40101 SET character_set_client = @saved_cs_client */;

--
-- Dumping data for table `promotions`
--

LOCK TABLES `promotions` WRITE;
/*!40000 ALTER TABLE `promotions` DISABLE KEYS */;
INSERT INTO `promotions` VALUES (1,'Descuento Verano',15.00,'2024-06-01 00:00:00','2024-08-31 23:59:59',1,NULL,NULL),(2,'Oferta Primavera',10.00,'2024-03-01 00:00:00','2024-05-31 23:59:59',1,NULL,NULL),(3,'Promoción de Año Nuevo',20.00,'2024-12-01 00:00:00','2024-12-31 23:59:59',1,NULL,NULL),(4,'Descuento de Cumpleaños',25.00,'2024-07-01 00:00:00','2024-07-31 23:59:59',0,101,2),(5,'Oferta Especial del Café',30.00,'2024-09-01 00:00:00','2024-09-30 23:59:59',0,102,3),(6,'Promo de Fin de Semana',5.00,'2024-06-01 00:00:00','2024-06-30 23:59:59',1,NULL,NULL),(7,'Descuento por Referencia',12.00,'2024-10-01 00:00:00','2024-12-31 23:59:59',0,103,4),(8,'Oferta Black Friday',40.00,'2024-11-24 00:00:00','2024-11-30 23:59:59',1,NULL,NULL),(9,'Descuento de Navidad',20.00,'2024-12-01 00:00:00','2024-12-24 23:59:59',1,NULL,NULL),(10,'Promo de Otoño',18.00,'2024-09-01 00:00:00','2024-11-30 23:59:59',1,NULL,NULL),(11,'Descuento de Año Nuevo Lunar',15.00,'2024-01-01 00:00:00','2024-01-31 23:59:59',1,NULL,NULL),(12,'Oferta de Media Temporada',10.00,'2024-05-01 00:00:00','2024-05-31 23:59:59',0,104,1),(13,'Descuento de Primavera',8.00,'2024-03-01 00:00:00','2024-05-31 23:59:59',0,105,2),(14,'Promo de Regreso a Clases',12.00,'2024-08-01 00:00:00','2024-08-31 23:59:59',1,NULL,NULL),(15,'Descuento de Fin de Año',30.00,'2024-12-01 00:00:00','2024-12-31 23:59:59',0,106,3);
/*!40000 ALTER TABLE `promotions` ENABLE KEYS */;
UNLOCK TABLES;

--
-- Table structure for table `reviews`
--

DROP TABLE IF EXISTS `reviews`;
/*!40101 SET @saved_cs_client     = @@character_set_client */;
/*!50503 SET character_set_client = utf8mb4 */;
CREATE TABLE `reviews` (
  `REVIEW_ID` int NOT NULL AUTO_INCREMENT,
  `USER_ID` int DEFAULT NULL,
  `CAFETERIA_ID` int DEFAULT NULL,
  `RATING` int DEFAULT NULL,
  `COMMENT` text,
  `REVIEW_DATE` date DEFAULT NULL,
  PRIMARY KEY (`REVIEW_ID`),
  KEY `USER_ID` (`USER_ID`),
  KEY `CAFETERIA_ID` (`CAFETERIA_ID`),
  CONSTRAINT `reviews_ibfk_1` FOREIGN KEY (`USER_ID`) REFERENCES `users` (`USER_ID`),
  CONSTRAINT `reviews_ibfk_2` FOREIGN KEY (`CAFETERIA_ID`) REFERENCES `cafeterias` (`CAFETERIA_ID`)
) ENGINE=InnoDB AUTO_INCREMENT=35 DEFAULT CHARSET=utf8mb4 COLLATE=utf8mb4_0900_ai_ci COMMENT='Almacena la información de las reseñas de los usuarios en diversas cafeterias';
/*!40101 SET character_set_client = @saved_cs_client */;

--
-- Dumping data for table `reviews`
--

LOCK TABLES `reviews` WRITE;
/*!40000 ALTER TABLE `reviews` DISABLE KEYS */;
INSERT INTO `reviews` VALUES (1,12,1,4,'Buen café, aunque la espera fue un poco larga.','2022-08-16'),(2,25,2,5,'Excelente calidad y servicio. Muy recomendable.','2022-09-13'),(3,37,3,3,'El café estaba frío, pero el ambiente es agradable.','2022-10-21'),(4,41,4,4,'Buena opción para una tarde de café. Recomiendo el espresso.','2022-11-04'),(5,56,5,5,'El mejor café que he probado. Definitivamente volveré.','2022-12-02'),(6,62,6,4,'Café bueno y personal amable. Sin embargo, el lugar estaba muy lleno.','2023-01-11'),(7,73,7,3,'Café promedio, pero el ambiente es muy agradable.','2023-02-23'),(8,85,8,5,'Un lugar excelente para disfrutar de un café especial. ¡Muy satisfecho!','2023-03-15'),(9,91,9,2,'El café estaba muy amargo. No volveré.','2023-04-07'),(10,103,10,4,'Buen café y buen servicio, pero el lugar podría ser más cómodo.','2023-05-23'),(11,115,11,5,'Me encantó el café y la atención. Recomendado.','2023-06-18'),(12,129,12,3,'Café aceptable, pero el lugar necesita una renovación.','2023-07-06'),(13,136,13,4,'Buena calidad de café, aunque el servicio fue un poco lento.','2023-08-20'),(14,142,14,5,'Excelente café y gran ambiente. Volveré pronto.','2023-09-16'),(15,153,15,2,'No me gustó el café, parecía viejo.','2023-10-10'),(16,164,1,4,'El café estaba bien, pero el lugar estaba muy lleno.','2023-11-24'),(17,175,2,3,'Servicio promedio, café bueno pero no excepcional.','2023-12-19'),(18,188,3,5,'Un excelente lugar para tomar café. Muy recomendado.','2024-01-11'),(19,193,4,4,'Buen café, pero el ambiente podría mejorar.','2024-02-26'),(20,204,5,5,'La mejor experiencia de café que he tenido. Volveré.','2024-03-12'),(21,217,6,3,'Café aceptable y lugar agradable. Podría mejorar.','2024-04-09'),(22,226,7,4,'Buen café y buen servicio. Una buena experiencia.','2024-05-21'),(23,237,8,5,'El café es excelente y el ambiente es muy agradable.','2024-06-02'),(24,245,9,2,'El café no estaba a la altura de las expectativas.','2024-07-15'),(25,258,10,4,'Buen café y buen ambiente, pero el servicio fue lento.','2024-08-24'),(26,269,11,5,'Una experiencia maravillosa. El café es de primera.','2024-09-18'),(27,276,12,3,'Café promedio. No me impresionó.','2024-10-12'),(28,287,13,4,'Café bueno y ambiente acogedor. Volveré.','2024-11-06'),(29,293,14,5,'El mejor café en la ciudad. Muy recomendable.','2024-12-09'),(30,305,15,3,'Café aceptable pero no es el mejor.','2025-01-20'),(31,314,1,4,'Buen café y buen servicio, aunque el lugar está un poco ruidoso.','2025-02-26'),(32,327,2,5,'Excelente café y ambiente. Volveré seguro.','2025-03-16'),(33,336,3,2,'No me gustó el café ni el ambiente.','2025-04-08'),(34,347,1,5,'Café bueno y ambiente cómodo. Una buena opción.','2025-05-02');
/*!40000 ALTER TABLE `reviews` ENABLE KEYS */;
UNLOCK TABLES;

--
-- Table structure for table `subscription`
--

DROP TABLE IF EXISTS `subscription`;
/*!40101 SET @saved_cs_client     = @@character_set_client */;
/*!50503 SET character_set_client = utf8mb4 */;
CREATE TABLE `subscription` (
  `SUBSCRIPTION_ID` int NOT NULL AUTO_INCREMENT,
  `USER_ID` int DEFAULT NULL,
  `PLAN_ID` int DEFAULT NULL,
  `START_DATE` date DEFAULT NULL,
  `END_DATE` date DEFAULT NULL,
  `STATUS` varchar(20) DEFAULT NULL,
  PRIMARY KEY (`SUBSCRIPTION_ID`),
  KEY `USER_ID` (`USER_ID`),
  KEY `PLAN_ID` (`PLAN_ID`),
  CONSTRAINT `subscription_ibfk_1` FOREIGN KEY (`USER_ID`) REFERENCES `users` (`USER_ID`),
  CONSTRAINT `subscription_ibfk_2` FOREIGN KEY (`PLAN_ID`) REFERENCES `subscription_plans` (`PLAN_ID`)
) ENGINE=InnoDB AUTO_INCREMENT=26 DEFAULT CHARSET=utf8mb4 COLLATE=utf8mb4_0900_ai_ci COMMENT='Almacena la información de las suscrpicones para los usuarios';
/*!40101 SET character_set_client = @saved_cs_client */;

--
-- Dumping data for table `subscription`
--

LOCK TABLES `subscription` WRITE;
/*!40000 ALTER TABLE `subscription` DISABLE KEYS */;
INSERT INTO `subscription` VALUES (1,1,1,'2024-01-01','2024-02-01','active'),(2,2,2,'2024-01-01','2024-02-01','active'),(3,3,3,'2024-01-01','2024-02-01','active'),(4,4,4,'2024-01-01','2024-02-01','active'),(5,5,5,'2024-01-01','2024-02-01','active'),(6,542,3,'2023-01-15','2023-02-14','active'),(7,398,1,'2022-10-05','2022-11-04','inactive'),(8,754,2,'2023-06-22','2023-07-22','active'),(9,621,4,'2022-09-14','2022-10-14','inactive'),(10,198,5,'2023-03-09','2023-04-08','active'),(11,485,2,'2022-11-11','2022-12-11','active'),(12,676,1,'2023-05-17','2023-06-16','inactive'),(13,912,3,'2022-08-23','2022-09-22','active'),(14,314,4,'2023-02-06','2023-03-08','active'),(15,789,2,'2023-07-05','2023-08-04','inactive'),(16,233,1,'2022-12-27','2023-01-26','inactive'),(17,957,5,'2022-11-14','2022-12-14','active'),(18,576,4,'2023-04-18','2023-05-18','inactive'),(19,445,3,'2022-09-01','2022-10-01','inactive'),(20,872,1,'2022-10-20','2022-11-19','active'),(21,332,5,'2023-06-29','2023-07-29','active'),(22,611,2,'2023-01-04','2023-02-03','inactive'),(23,773,3,'2022-12-10','2023-01-09','active'),(24,159,4,'2023-03-25','2023-04-24','inactive'),(25,482,1,'2022-07-31','2022-08-30','inactive');
/*!40000 ALTER TABLE `subscription` ENABLE KEYS */;
UNLOCK TABLES;

--
-- Table structure for table `subscription_plans`
--

DROP TABLE IF EXISTS `subscription_plans`;
/*!40101 SET @saved_cs_client     = @@character_set_client */;
/*!50503 SET character_set_client = utf8mb4 */;
CREATE TABLE `subscription_plans` (
  `PLAN_ID` int NOT NULL AUTO_INCREMENT,
  `PLAN_NAME` varchar(50) NOT NULL,
  `PRICE` decimal(10,2) DEFAULT NULL,
  `DAILY_LIMIT_TRAD` int DEFAULT NULL,
  `DAILY_LIMIT_SPEC` int DEFAULT NULL,
  PRIMARY KEY (`PLAN_ID`),
  UNIQUE KEY `PLAN_NAME` (`PLAN_NAME`)
) ENGINE=InnoDB AUTO_INCREMENT=6 DEFAULT CHARSET=utf8mb4 COLLATE=utf8mb4_0900_ai_ci COMMENT='Almacena la información de los diferentes planes de suscripción';
/*!40101 SET character_set_client = @saved_cs_client */;

--
-- Dumping data for table `subscription_plans`
--

LOCK TABLES `subscription_plans` WRITE;
/*!40000 ALTER TABLE `subscription_plans` DISABLE KEYS */;
INSERT INTO `subscription_plans` VALUES (1,'Básico',30000.00,1,0),(2,'Bronze',50000.00,2,1),(3,'Silver',70000.00,2,1),(4,'Gold',100000.00,0,1),(5,'Diamond',130000.00,0,0);
/*!40000 ALTER TABLE `subscription_plans` ENABLE KEYS */;
UNLOCK TABLES;

--
-- Table structure for table `triggerlogs`
--

DROP TABLE IF EXISTS `triggerlogs`;
/*!40101 SET @saved_cs_client     = @@character_set_client */;
/*!50503 SET character_set_client = utf8mb4 */;
CREATE TABLE `triggerlogs` (
  `LogID` int NOT NULL AUTO_INCREMENT,
  `LogDate` datetime DEFAULT CURRENT_TIMESTAMP,
  `Message` text,
  PRIMARY KEY (`LogID`)
) ENGINE=InnoDB AUTO_INCREMENT=2 DEFAULT CHARSET=utf8mb4 COLLATE=utf8mb4_0900_ai_ci;
/*!40101 SET character_set_client = @saved_cs_client */;

--
-- Dumping data for table `triggerlogs`
--

LOCK TABLES `triggerlogs` WRITE;
/*!40000 ALTER TABLE `triggerlogs` DISABLE KEYS */;
/*!40000 ALTER TABLE `triggerlogs` ENABLE KEYS */;
UNLOCK TABLES;

--
-- Temporary view structure for view `user_consumption_summary_vw`
--

DROP TABLE IF EXISTS `user_consumption_summary_vw`;
/*!50001 DROP VIEW IF EXISTS `user_consumption_summary_vw`*/;
SET @saved_cs_client     = @@character_set_client;
/*!50503 SET character_set_client = utf8mb4 */;
/*!50001 CREATE VIEW `user_consumption_summary_vw` AS SELECT 
 1 AS `USER_ID`,
 1 AS `USER_NAME`,
 1 AS `TOTAL_CONSUMPTIONS`,
 1 AS `SUBSCRIPTION_PLAN`*/;
SET character_set_client = @saved_cs_client;

--
-- Table structure for table `user_subscriptions`
--

DROP TABLE IF EXISTS `user_subscriptions`;
/*!40101 SET @saved_cs_client     = @@character_set_client */;
/*!50503 SET character_set_client = utf8mb4 */;
CREATE TABLE `user_subscriptions` (
  `SUBSCRIPTION_ID` int NOT NULL,
  `USER_ID` int DEFAULT NULL,
  `PLAN_ID` int DEFAULT NULL,
  `START_DATE` date DEFAULT NULL,
  `END_DATE` date DEFAULT NULL,
  PRIMARY KEY (`SUBSCRIPTION_ID`),
  KEY `USER_ID` (`USER_ID`),
  KEY `PLAN_ID` (`PLAN_ID`),
  CONSTRAINT `user_subscriptions_ibfk_1` FOREIGN KEY (`USER_ID`) REFERENCES `users` (`USER_ID`),
  CONSTRAINT `user_subscriptions_ibfk_2` FOREIGN KEY (`PLAN_ID`) REFERENCES `subscription_plans` (`PLAN_ID`)
) ENGINE=InnoDB DEFAULT CHARSET=utf8mb4 COLLATE=utf8mb4_0900_ai_ci;
/*!40101 SET character_set_client = @saved_cs_client */;

--
-- Dumping data for table `user_subscriptions`
--

LOCK TABLES `user_subscriptions` WRITE;
/*!40000 ALTER TABLE `user_subscriptions` DISABLE KEYS */;
INSERT INTO `user_subscriptions` VALUES (26,25,1,'2024-07-01','2024-08-01'),(27,26,2,'2024-07-15','2024-08-15'),(28,27,3,'2024-08-01','2024-09-01'),(29,28,4,'2024-08-20','2024-09-20'),(30,29,5,'2024-09-01','2024-10-01'),(31,30,1,'2024-09-10','2024-10-10'),(32,31,2,'2024-10-01','2024-11-01'),(33,32,3,'2024-10-15','2024-11-15'),(34,33,4,'2024-11-01','2024-12-01'),(35,34,5,'2024-11-20','2024-12-20'),(36,35,1,'2024-12-01','2025-01-01'),(37,36,2,'2024-12-15','2025-01-15'),(38,37,3,'2024-12-20','2025-01-20'),(39,38,4,'2025-01-01','2025-02-01'),(40,39,5,'2025-01-15','2025-02-15'),(41,40,1,'2025-02-01','2025-03-01'),(42,41,2,'2025-02-10','2025-03-10'),(43,42,3,'2025-03-01','2025-04-01'),(44,43,4,'2025-03-15','2025-04-15'),(45,44,5,'2025-04-01','2025-05-01'),(46,45,1,'2025-04-10','2025-05-10'),(47,46,2,'2025-05-01','2025-06-01'),(48,47,3,'2025-05-15','2025-06-15'),(49,48,4,'2025-06-01','2025-07-01'),(50,49,5,'2025-06-15','2025-07-15'),(51,50,1,'2025-07-01','2025-08-01'),(52,51,2,'2025-07-15','2025-08-15'),(53,52,3,'2025-08-01','2025-09-01'),(54,53,4,'2025-08-20','2025-09-20'),(55,54,5,'2025-09-01','2025-10-01'),(56,55,1,'2025-09-10','2025-10-10'),(57,56,2,'2025-10-01','2025-11-01'),(58,57,3,'2025-10-15','2025-11-15'),(59,58,4,'2025-11-01','2025-12-01'),(60,59,5,'2025-11-20','2025-12-20');
/*!40000 ALTER TABLE `user_subscriptions` ENABLE KEYS */;
UNLOCK TABLES;

--
-- Table structure for table `users`
--

DROP TABLE IF EXISTS `users`;
/*!40101 SET @saved_cs_client     = @@character_set_client */;
/*!50503 SET character_set_client = utf8mb4 */;
CREATE TABLE `users` (
  `USER_ID` int NOT NULL AUTO_INCREMENT,
  `FIRST_NAME` varchar(60) DEFAULT 'USER_UNKNOW',
  `LAST_NAME` varchar(60) DEFAULT 'USER_UNKNOW',
  `EMAIL` varchar(80) NOT NULL,
  `PHONE` varchar(25) NOT NULL,
  `ADDRESS` varchar(100) DEFAULT NULL,
  `BIRTHDAY_DATE` date DEFAULT NULL,
  `SIGN_UP_DATE` datetime DEFAULT (curdate()),
  PRIMARY KEY (`USER_ID`),
  UNIQUE KEY `EMAIL` (`EMAIL`)
) ENGINE=InnoDB AUTO_INCREMENT=1001 DEFAULT CHARSET=utf8mb4 COLLATE=utf8mb4_0900_ai_ci COMMENT='Almacena la información de los usuarios';
/*!40101 SET character_set_client = @saved_cs_client */;

--
-- Dumping data for table `users`
--

LOCK TABLES `users` WRITE;
/*!40000 ALTER TABLE `users` DISABLE KEYS */;
INSERT INTO `users` VALUES (1,'Shaylah','Kiezler','skiezler0@youtube.com','(169) 5668046','0 Hauk Trail','1950-08-02','2022-08-10 03:08:00'),(2,'Jodi','Parkyns','jparkyns1@sbwire.com','(583) 9540242','26 Kim Trail','2023-04-29','2023-12-12 10:29:00'),(3,'Emmalee','Maryman','emaryman2@blogtalkradio.com','(619) 7561422','4603 Elgar Drive','1988-08-24','2023-10-19 10:01:00'),(4,'Karyl','Purry','kpurry3@fema.gov','(555) 2821170','9 Manley Drive','1972-05-09','2024-06-05 11:15:00'),(5,'Porter','Isbell','pisbell4@indiegogo.com','(473) 8704049','64698 Birchwood Way','1958-10-11','2024-06-22 20:58:00'),(6,'Gus','Hurl','ghurl5@360.cn','(195) 9067001','65 Independence Point','1975-12-29','2024-02-25 06:54:00'),(7,'Winslow','Hebborn','whebborn6@arizona.edu','(511) 5067896','51689 Alpine Pass','1961-08-19','2023-04-24 23:24:00'),(8,'Lenee','Reder','lreder7@infoseek.co.jp','(750) 6129702','492 Oak Valley Drive','1946-08-20','2022-12-27 03:47:00'),(9,'Jacquelyn','Ick','jick8@mediafire.com','(715) 5845774','186 Farmco Place','2006-09-17','2024-03-15 17:22:00'),(10,'Brear','Wattam','bwattam9@elegantthemes.com','(988) 9565294','191 Cambridge Crossing','1924-01-23','2023-02-17 02:01:00'),(11,'Maud','Offield','moffielda@loc.gov','(838) 6118165','5 Granby Terrace','1923-08-23','2023-03-23 00:28:00'),(12,'Sebastiano','Casson','scassonb@businessweek.com','(446) 9380818','87 Kennedy Court','1987-03-29','2022-11-21 20:54:00'),(13,'Rosalie','Iddy','riddyc@simplemachines.org','(998) 9559626','6 Summit Pass','1930-01-07','2022-11-30 14:25:00'),(14,'Logan','Venables','lvenablesd@de.vu','(967) 3849710','7530 Lillian Hill','1972-10-23','2023-10-09 15:23:00'),(15,'Berthe','Beathem','bbeatheme@deviantart.com','(266) 9794635','8559 Sullivan Point','1953-09-09','2023-11-28 17:11:00'),(16,'Aggi','Hayzer','ahayzerf@webs.com','(168) 8093471','5 Kennedy Way','1957-07-11','2024-01-12 03:11:00'),(17,'Torrey','Lippingwell','tlippingwellg@usnews.com','(597) 6598920','140 Commercial Pass','1990-07-15','2022-10-27 01:07:00'),(18,'Cordy','Rizzolo','crizzoloh@newyorker.com','(292) 4992958','6426 Hazelcrest Parkway','1950-10-21','2023-04-24 09:29:00'),(19,'Aldwin','Wooder','awooderi@ucoz.com','(158) 1510127','82 Veith Lane','2011-06-03','2024-07-15 18:28:00'),(20,'Candra','Yakobovicz','cyakoboviczj@smh.com.au','(400) 2466909','36582 Corscot Terrace','2011-12-08','2022-09-22 16:40:00'),(21,'Sutton','Yglesia','syglesiak@bluehost.com','(455) 9981661','257 Dakota Road','2013-12-17','2023-10-31 10:52:00'),(22,'Crosby','Gutman','cgutmanl@usnews.com','(755) 4984008','0209 Novick Street','1962-03-07','2023-12-15 22:04:00'),(23,'Krishna','Bautiste','kbautistem@indiatimes.com','(748) 5742602','47890 Gateway Point','1979-06-18','2023-12-29 11:07:00'),(24,'Kessiah','Nulty','knultyn@ovh.net','(827) 2714982','08020 Dryden Circle','1954-06-10','2022-08-23 21:55:00'),(25,'Brynn','Curner','bcurnero@sourceforge.net','(322) 4009917','1 Pierstorff Center','1929-03-08','2023-04-06 20:55:00'),(26,'Loy','Guwer','lguwerp@indiatimes.com','(150) 2982047','264 Red Cloud Park','1930-12-23','2023-02-06 20:44:00'),(27,'Osmond','Matuszak','omatuszakq@bandcamp.com','(821) 8791346','8579 Transport Street','2021-11-16','2023-03-28 09:49:00'),(28,'Sioux','Thandi','sthandir@economist.com','(250) 2502033','47 Roth Road','1989-06-13','2023-09-18 11:16:00'),(29,'Piper','Pawling','ppawlings@desdev.cn','(523) 1643203','6705 Old Gate Parkway','1975-12-22','2022-12-08 13:23:00'),(30,'Isabelle','Sandbach','isandbacht@cbc.ca','(419) 9510030','002 Toban Circle','1962-12-28','2023-03-11 17:56:00'),(31,'Roby','Barkus','rbarkusu@mac.com','(749) 2550511','390 Dawn Trail','1950-03-06','2024-02-07 11:19:00'),(32,'Amalita','Wenman','awenmanv@theatlantic.com','(347) 1111764','4454 Sherman Point','1964-09-24','2023-03-18 16:23:00'),(33,'Johnathan','Villalta','jvillaltaw@linkedin.com','(104) 3787130','51 Nevada Circle','1955-04-24','2023-07-07 16:56:00'),(34,'Donny','Prowting','dprowtingx@marketwatch.com','(172) 9292846','51 Grim Crossing','1936-05-04','2023-03-04 19:39:00'),(35,'Idaline','Peschke','ipeschkey@pen.io','(208) 7903155','0 Erie Junction','1997-06-13','2023-10-17 04:31:00'),(36,'Rodge','Muslim','rmuslimz@google.co.uk','(117) 1419863','42 Longview Avenue','1964-07-19','2022-10-23 21:29:00'),(37,'Kinny','Ferrer','kferrer10@seattletimes.com','(391) 9706263','5 Sundown Trail','1972-05-26','2023-06-13 17:11:00'),(38,'Melisande','Holgan','mholgan11@go.com','(205) 8554239','1683 Riverside Circle','1959-10-28','2022-10-07 15:00:00'),(39,'Devy','Jorissen','djorissen12@adobe.com','(875) 7567273','9 Anthes Junction','2015-01-19','2023-06-22 15:01:00'),(40,'Chloe','McCrisken','cmccrisken13@g.co','(912) 4157863','4 Heffernan Avenue','1944-01-31','2024-05-28 05:11:00'),(41,'Reed','Berick','rberick14@mail.ru','(467) 5918412','52 Blue Bill Park Lane','1936-02-17','2023-05-17 08:07:00'),(42,'Hendrika','Hasard','hhasard15@lycos.com','(510) 7611583','11724 Rieder Point','1957-10-07','2023-09-23 22:55:00'),(43,'Shepard','Dobrovsky','sdobrovsky16@elpais.com','(264) 2602582','55 Kropf Trail','2009-02-13','2023-03-31 10:55:00'),(44,'Clarey','Knights','cknights17@list-manage.com','(188) 3927011','0269 Northridge Crossing','1953-11-21','2022-10-15 09:46:00'),(45,'Danella','Matfin','dmatfin18@tumblr.com','(785) 2799211','621 Maywood Plaza','1939-11-22','2023-04-10 21:27:00'),(46,'Shannah','Portch','sportch19@pinterest.com','(588) 2358077','213 Kenwood Place','2014-07-15','2024-02-22 02:28:00'),(47,'Waiter','Story','wstory1a@fema.gov','(766) 2308774','31 Springs Plaza','1956-05-17','2022-09-12 05:55:00'),(48,'Mendel','Cranmer','mcranmer1b@bloomberg.com','(892) 5681992','159 Rowland Pass','2020-01-28','2024-04-22 20:50:00'),(49,'Svend','Walster','swalster1c@redcross.org','(303) 2461766','731 Dixon Terrace','1966-02-02','2023-07-03 01:50:00'),(50,'Jayme','Letterese','jletterese1d@soundcloud.com','(657) 2679695','19441 Longview Terrace','1964-05-07','2022-12-25 13:01:00'),(51,'Michaella','Grimble','mgrimble1e@examiner.com','(957) 7891414','31 Scott Crossing','1969-02-28','2024-04-26 17:54:00'),(52,'Elna','Hay','ehay1f@uiuc.edu','(761) 7952121','9 Melvin Avenue','1957-04-03','2023-12-05 22:51:00'),(53,'Nadean','Litherborough','nlitherborough1g@wikimedia.org','(538) 9908485','8 Morning Lane','1952-03-25','2024-01-17 13:31:00'),(54,'Selena','Dickin','sdickin1h@nasa.gov','(709) 1846614','1 Golf Course Parkway','1986-06-05','2022-10-07 12:27:00'),(55,'Zachariah','Visco','zvisco1i@gmpg.org','(371) 2230690','1 Pine View Crossing','1966-12-02','2024-03-17 09:58:00'),(56,'Kristan','Godney','kgodney1j@simplemachines.org','(877) 3020335','78424 Portage Crossing','1979-06-26','2022-09-19 01:54:00'),(57,'Bar','Domenicone','bdomenicone1k@discuz.net','(746) 3201367','076 Browning Park','2011-04-29','2024-06-23 07:13:00'),(58,'Mathilde','Brundrett','mbrundrett1l@symantec.com','(744) 4840954','4726 Lakewood Gardens Park','2006-08-07','2022-10-01 00:05:00'),(59,'Siusan','Hollyar','shollyar1m@bbb.org','(859) 2241413','99007 Gerald Parkway','1948-11-20','2023-09-08 21:58:00'),(60,'Tybie','Bleesing','tbleesing1n@csmonitor.com','(522) 5639526','9662 La Follette Way','2020-07-11','2024-01-18 08:57:00'),(61,'Leandra','Pedroni','lpedroni1o@upenn.edu','(533) 8232200','94272 Hansons Trail','2006-03-25','2022-09-19 23:33:00'),(62,'Antonetta','Heathcott','aheathcott1p@samsung.com','(820) 2854705','77703 Columbus Circle','2006-05-13','2023-02-20 03:50:00'),(63,'Kerr','Woolger','kwoolger1q@instagram.com','(174) 7451736','7 Butterfield Trail','1958-03-15','2022-12-01 08:10:00'),(64,'Darda','Wines','dwines1r@scientificamerican.com','(203) 9834499','48 Hooker Parkway','1968-02-10','2023-08-28 07:08:00'),(65,'Addy','Carles','acarles1s@cam.ac.uk','(426) 6240375','36 Grim Street','2014-10-16','2023-07-12 17:10:00'),(66,'Corney','McCaughren','cmccaughren1t@ovh.net','(790) 6886502','32910 Lawn Terrace','1967-01-11','2022-09-19 10:18:00'),(67,'Zahara','Lope','zlope1u@livejournal.com','(194) 4858316','36993 Clarendon Street','1951-12-31','2022-10-04 07:59:00'),(68,'Josefa','Birmingham','jbirmingham1v@barnesandnoble.com','(707) 9224872','055 Norway Maple Alley','1990-11-17','2023-05-29 20:16:00'),(69,'Siusan','Clissold','sclissold1w@moonfruit.com','(314) 7592080','44569 Mcbride Circle','2015-09-28','2022-12-20 17:31:00'),(70,'Liva','Bullers','lbullers1x@alibaba.com','(827) 2107160','5753 Chinook Street','1942-11-01','2023-11-11 18:00:00'),(71,'Retha','Ierland','rierland1y@google.com.br','(386) 6037436','907 Mariners Cove Crossing','1993-12-03','2024-02-22 09:55:00'),(72,'Dylan','Fatscher','dfatscher1z@storify.com','(779) 8873569','4783 Ohio Terrace','1935-02-09','2022-09-23 18:31:00'),(73,'Clemmy','Partington','cpartington20@amazonaws.com','(923) 8787385','10 Hudson Terrace','1997-11-14','2023-09-20 03:11:00'),(74,'Jory','Murricanes','jmurricanes21@bbb.org','(779) 3602801','883 Sullivan Circle','2012-09-26','2022-10-20 08:53:00'),(75,'Cornelius','Kock','ckock22@buzzfeed.com','(383) 3100256','9351 Luster Way','2020-02-04','2024-05-02 22:22:00'),(76,'Daniella','Birdfield','dbirdfield23@imdb.com','(252) 6663635','1 Westridge Street','1936-07-14','2023-04-25 10:05:00'),(77,'Ashlan','Van den Oord','avandenoord24@technorati.com','(763) 4476118','82 Marquette Street','1979-04-10','2023-08-27 02:49:00'),(78,'Raine','Hutchinson','rhutchinson25@tinypic.com','(682) 9928211','80346 Kedzie Crossing','1923-12-11','2024-03-09 02:56:00'),(79,'Harald','Langlands','hlanglands26@alexa.com','(935) 7755551','747 Blackbird Terrace','1943-04-25','2022-09-23 02:32:00'),(80,'Oralla','Swyne','oswyne27@nationalgeographic.com','(706) 9609257','69074 Hauk Point','2010-08-28','2024-05-06 08:17:00'),(81,'Emmeline','Lenz','elenz28@vkontakte.ru','(863) 9893977','7306 Kinsman Terrace','1975-10-21','2022-12-28 20:59:00'),(82,'Madeleine','Gredden','mgredden29@ustream.tv','(510) 8628048','289 Melvin Avenue','1982-06-04','2023-03-12 08:18:00'),(83,'Baird','Jakoubek','bjakoubek2a@csmonitor.com','(250) 4371553','58 Springview Park','1970-08-24','2023-09-06 16:39:00'),(84,'Leonora','Stringer','lstringer2b@shareasale.com','(149) 4298903','11487 Jenna Parkway','2004-04-02','2023-10-08 11:42:00'),(85,'Marcile','Corbett','mcorbett2c@mtv.com','(115) 8118752','275 Nevada Place','1940-06-04','2023-06-04 11:10:00'),(86,'Livvy','Cheshire','lcheshire2d@tumblr.com','(331) 2372859','72794 Sloan Lane','1955-10-15','2023-06-27 01:05:00'),(87,'Veronique','Water','vwater2e@multiply.com','(302) 9575779','8985 Kim Circle','2001-09-25','2023-11-24 19:43:00'),(88,'Pace','Circuitt','pcircuitt2f@stumbleupon.com','(415) 8872099','68 Hermina Parkway','1975-08-09','2024-02-16 04:47:00'),(89,'Cahra','McComb','cmccomb2g@tumblr.com','(287) 6142899','1 Esch Place','2018-12-24','2024-01-03 01:51:00'),(90,'Florri','Akitt','fakitt2h@answers.com','(953) 3949325','7 Lerdahl Park','1977-07-12','2023-01-14 16:48:00'),(91,'Tammi','Brambell','tbrambell2i@usgs.gov','(883) 4260779','4429 Arrowood Park','1971-11-20','2022-08-23 16:31:00'),(92,'Codi','Blatcher','cblatcher2j@abc.net.au','(292) 8189678','3838 Merry Center','1939-05-29','2024-07-16 09:23:00'),(93,'Jan','Gaize','jgaize2k@house.gov','(858) 2325921','80291 Elka Hill','1973-02-26','2024-06-07 15:32:00'),(94,'Roddie','Jantzen','rjantzen2l@europa.eu','(868) 6190754','0 Cascade Plaza','2010-08-06','2024-06-14 04:13:00'),(95,'Bella','Castagnet','bcastagnet2m@unc.edu','(164) 1129101','0662 Corscot Trail','2009-01-09','2022-12-11 04:11:00'),(96,'Chicky','Maingot','cmaingot2n@123-reg.co.uk','(194) 2357489','207 Crescent Oaks Lane','2014-04-22','2023-01-21 13:09:00'),(97,'Johna','Mobberley','jmobberley2o@parallels.com','(333) 8110748','9491 Commercial Hill','1939-09-16','2023-04-25 12:23:00'),(98,'Brinn','Mabbett','bmabbett2p@ehow.com','(641) 2468473','7 Forster Place','1946-10-11','2023-11-10 04:21:00'),(99,'Caroline','Ellison','cellison2q@theatlantic.com','(379) 9519688','630 Montana Park','1999-10-02','2023-02-24 16:29:00'),(100,'Rheta','MacKaile','rmackaile2r@ucoz.ru','(260) 2100723','608 Scofield Crossing','2019-05-09','2024-03-17 19:59:00'),(101,'Roseanna','Measom','rmeasom2s@samsung.com','(937) 8925914','8 Anzinger Junction','1970-08-21','2024-06-17 05:31:00'),(102,'Mariette','Jinda','mjinda2t@cam.ac.uk','(241) 2998979','58058 Scott Junction','1996-11-17','2023-08-24 12:35:00'),(103,'Ronnie','Sellman','rsellman2u@etsy.com','(106) 7246543','8336 Emmet Lane','1971-05-09','2023-10-27 11:11:00'),(104,'Rufe','Blaxland','rblaxland2v@csmonitor.com','(846) 2875353','9 Cambridge Hill','2009-09-26','2022-09-10 08:13:00'),(105,'Niki','Dedham','ndedham2w@theatlantic.com','(206) 1605184','6 Northport Circle','1927-05-01','2023-07-11 02:14:00'),(106,'Sayre','Fetherston','sfetherston2x@redcross.org','(767) 6847955','14 Clarendon Terrace','2017-07-15','2024-05-25 07:06:00'),(107,'Noella','Trimme','ntrimme2y@miitbeian.gov.cn','(341) 5085829','005 David Lane','1928-09-24','2023-09-01 21:06:00'),(108,'Dulcia','Rousel','drousel2z@domainmarket.com','(990) 5298009','6634 Fieldstone Terrace','1934-11-25','2024-06-20 13:11:00'),(109,'Jordain','Buttler','jbuttler30@cnet.com','(593) 7474891','1 Namekagon Court','2007-01-28','2023-07-25 21:47:00'),(110,'Kimbra','Lamerton','klamerton31@mysql.com','(813) 5593226','68 Waywood Way','1954-11-05','2023-09-19 22:16:00'),(111,'Ansell','Helix','ahelix32@w3.org','(954) 6315950','552 Old Shore Hill','2003-11-09','2023-05-22 21:16:00'),(112,'Claudio','Goddman','cgoddman33@lulu.com','(869) 2419179','140 Steensland Road','1993-07-13','2023-02-08 13:00:00'),(113,'Tildi','Henden','thenden34@lycos.com','(875) 8806211','49366 Bellgrove Parkway','1931-02-27','2024-05-10 06:50:00'),(114,'Lebbie','Janouch','ljanouch35@wsj.com','(871) 6975991','2 Mallard Parkway','1939-02-16','2023-05-01 11:19:00'),(115,'Mag','Dyke','mdyke36@uiuc.edu','(504) 1239891','9 Fordem Center','2021-02-24','2023-01-03 02:49:00'),(116,'Edythe','Yakobowitch','eyakobowitch37@geocities.jp','(832) 5163818','36 Mesta Way','1986-10-16','2022-09-24 20:37:00'),(117,'Hyacinthia','Lapping','hlapping38@answers.com','(936) 3810076','3 Loomis Terrace','1978-07-22','2023-04-29 18:54:00'),(118,'Aubine','Charlson','acharlson39@sakura.ne.jp','(377) 7011627','79 Loftsgordon Circle','1951-08-18','2022-08-31 22:44:00'),(119,'Zared','Sanja','zsanja3a@merriam-webster.com','(857) 7512047','5 Pleasure Trail','1962-10-27','2023-07-06 16:47:00'),(120,'Almira','Panchen','apanchen3b@salon.com','(894) 8116763','8 Bartillon Way','1990-11-02','2023-04-12 05:42:00'),(121,'Brandise','Akerman','bakerman3c@baidu.com','(566) 1272156','3882 International Trail','1947-10-25','2022-08-20 18:04:00'),(122,'Winfield','Batiste','wbatiste3d@google.com.br','(244) 3681362','669 Marcy Junction','1952-03-03','2024-05-02 22:52:00'),(123,'Del','Hucquart','dhucquart3e@1und1.de','(252) 6501214','33 Pine View Avenue','1996-07-28','2022-12-04 00:02:00'),(124,'Beret','Falla','bfalla3f@usa.gov','(217) 6016859','0603 Clove Circle','1985-05-15','2022-11-01 09:45:00'),(125,'Lorrin','Neville','lneville3g@desdev.cn','(755) 8589402','67 Lakewood Gardens Park','2011-07-13','2024-03-15 01:34:00'),(126,'Malinda','Baress','mbaress3h@ocn.ne.jp','(216) 2862240','6 Calypso Alley','1923-10-23','2023-09-11 17:04:00'),(127,'Nolan','Giblin','ngiblin3i@salon.com','(888) 6587662','913 Hintze Parkway','2014-08-29','2022-12-08 10:05:00'),(128,'Giana','Lillgard','glillgard3j@indiatimes.com','(203) 2999003','90097 Prairie Rose Center','1933-11-02','2022-10-21 18:03:00'),(129,'Elvina','Raff','eraff3k@goodreads.com','(373) 6440779','76811 North Parkway','1961-07-18','2022-12-28 10:57:00'),(130,'Annaliese','Kayne','akayne3l@people.com.cn','(631) 2820296','72 Sheridan Point','2003-12-13','2023-09-06 21:01:00'),(131,'Natala','Baden','nbaden3m@cdbaby.com','(263) 1443556','7124 Waxwing Center','1965-01-21','2024-07-14 19:21:00'),(132,'Cindy','Itzakovitz','citzakovitz3n@qq.com','(936) 7548190','5045 Crownhardt Drive','2022-10-01','2022-12-23 19:53:00'),(133,'Eden','Leechman','eleechman3o@lulu.com','(110) 5644992','7 Fallview Parkway','1972-09-25','2024-05-22 14:03:00'),(134,'Rab','Sturton','rsturton3p@mac.com','(552) 7226510','516 Fair Oaks Avenue','1975-03-17','2023-06-07 18:59:00'),(135,'Brigitta','Aucourte','baucourte3q@stumbleupon.com','(743) 6018178','49 Blaine Place','1946-07-29','2024-07-02 02:31:00'),(136,'Cacilia','MacConnulty','cmacconnulty3r@hao123.com','(307) 7874939','5157 Longview Avenue','2007-07-18','2023-08-21 15:48:00'),(137,'Tracey','Loyns','tloyns3s@prlog.org','(683) 4853090','7 Kings Drive','1938-12-26','2024-03-15 06:43:00'),(138,'Milli','Michele','mmichele3t@liveinternet.ru','(602) 5754022','7216 Shasta Drive','1928-12-29','2022-10-20 08:03:00'),(139,'Hershel','McDirmid','hmcdirmid3u@qq.com','(995) 4560616','49 Sundown Court','1946-08-10','2024-04-26 08:35:00'),(140,'Raeann','Campbell-Dunlop','rcampbelldunlop3v@scientificamerican.com','(498) 7235123','4 Novick Hill','1926-02-22','2023-03-18 06:48:00'),(141,'Pincas','Hrachovec','phrachovec3w@princeton.edu','(412) 5541172','60 Haas Pass','1986-03-17','2022-09-25 13:09:00'),(142,'Lurlene','Faunch','lfaunch3x@google.ca','(539) 7331377','9 Debs Alley','2004-02-02','2023-02-27 21:22:00'),(143,'Catlaina','Maton','cmaton3y@weibo.com','(925) 3095392','886 Blaine Plaza','1942-02-10','2022-12-29 05:46:00'),(144,'Lalo','Vermer','lvermer3z@fema.gov','(688) 7242758','872 Ludington Junction','1950-08-17','2024-02-12 12:20:00'),(145,'Ivie','Moncreiff','imoncreiff40@usa.gov','(124) 8241798','6760 Thackeray Circle','1972-11-10','2023-09-19 17:42:00'),(146,'Glenn','Cadore','gcadore41@shop-pro.jp','(292) 2997028','1 Pleasure Center','1944-04-18','2023-01-21 13:00:00'),(147,'Nanci','Martynikhin','nmartynikhin42@twitter.com','(367) 2316149','690 Center Parkway','1999-06-07','2023-10-03 03:16:00'),(148,'Carlynn','Cartmel','ccartmel43@nydailynews.com','(229) 5562542','0 Grim Junction','1981-04-01','2023-06-20 07:52:00'),(149,'Ilyse','Ox','iox44@ezinearticles.com','(973) 4056330','77668 Acker Parkway','1991-12-22','2023-01-14 16:09:00'),(150,'Lanie','Rapaport','lrapaport45@zdnet.com','(160) 1576818','508 Esker Circle','1996-12-18','2023-12-24 00:13:00'),(151,'Towney','Fordy','tfordy46@mlb.com','(374) 7228569','82 Arizona Trail','1938-01-16','2023-12-12 14:36:00'),(152,'Gregoire','Conneau','gconneau47@sciencedirect.com','(539) 8102281','0 Loomis Plaza','1998-02-15','2024-01-16 02:46:00'),(153,'Colet','Kennett','ckennett48@last.fm','(108) 5136020','831 Lawn Center','1977-05-16','2022-12-20 08:22:00'),(154,'Kassia','Bleas','kbleas49@weebly.com','(532) 9484665','1 Fremont Lane','1987-01-26','2024-02-22 01:53:00'),(155,'Berkley','Woodwind','bwoodwind4a@answers.com','(807) 6365404','36 Sutteridge Point','1996-08-15','2023-08-12 23:58:00'),(156,'Paddy','Minchinton','pminchinton4b@reuters.com','(537) 2068620','8 Hoffman Avenue','1994-08-26','2023-10-25 19:35:00'),(157,'Andy','Ballin','aballin4c@craigslist.org','(188) 8413649','145 Independence Street','1939-02-03','2023-11-12 17:00:00'),(158,'Guillemette','Newnham','gnewnham4d@tamu.edu','(277) 8034421','1 Loftsgordon Junction','1961-11-21','2023-04-19 17:34:00'),(159,'Hogan','Davidof','hdavidof4e@bigcartel.com','(600) 2099264','008 Spenser Way','1928-06-14','2024-05-08 13:30:00'),(160,'Doralynne','Mayhou','dmayhou4f@vk.com','(179) 6881547','324 South Place','1956-11-02','2023-05-28 03:10:00'),(161,'Faun','Markham','fmarkham4g@wordpress.org','(702) 2789519','0 Kim Center','2001-06-25','2024-06-28 10:25:00'),(162,'Willow','Halford','whalford4h@rediff.com','(413) 9650739','56734 Sullivan Point','1931-05-27','2022-12-28 04:04:00'),(163,'Micah','Tearney','mtearney4i@unicef.org','(860) 3001124','95290 Maywood Avenue','2021-02-12','2024-01-07 10:48:00'),(164,'Kendre','Wilkie','kwilkie4j@noaa.gov','(731) 9173620','7 Chinook Avenue','1978-06-20','2023-02-18 21:45:00'),(165,'Farrel','Brothwood','fbrothwood4k@samsung.com','(327) 9127694','0133 6th Alley','1993-06-04','2023-06-25 01:54:00'),(166,'Mallory','Chaffer','mchaffer4l@reuters.com','(495) 1187099','48 Anhalt Alley','1929-04-18','2022-12-26 06:13:00'),(167,'Cristina','Van Eeden','cvaneeden4m@npr.org','(617) 8751348','2579 Pankratz Terrace','2011-06-23','2023-05-07 20:12:00'),(168,'James','Hugnet','jhugnet4n@stanford.edu','(528) 9846616','9314 Valley Edge Terrace','1961-09-19','2023-01-07 22:16:00'),(169,'Brendan','Smardon','bsmardon4o@loc.gov','(913) 9217302','550 Mcguire Lane','1932-06-28','2024-06-07 10:01:00'),(170,'Carlie','Shurmore','cshurmore4p@goo.gl','(233) 8666808','5629 Bartelt Alley','2018-02-16','2022-11-16 07:04:00'),(171,'Ellsworth','Vaune','evaune4q@dion.ne.jp','(396) 6095863','92510 Marquette Place','1945-10-11','2023-07-19 15:08:00'),(172,'Arlyne','Stirtle','astirtle4r@newyorker.com','(341) 5872910','6199 Atwood Way','1992-03-01','2023-11-06 22:04:00'),(173,'Seumas','Piken','spiken4s@cloudflare.com','(898) 5426416','95 Lyons Drive','1995-02-20','2024-06-17 19:06:00'),(174,'Elijah','Fay','efay4t@tinyurl.com','(759) 8564131','85414 Center Circle','1940-03-27','2023-03-20 16:29:00'),(175,'Frants','Cescoti','fcescoti4u@nytimes.com','(793) 2926807','78 Fremont Lane','1996-07-20','2024-02-21 15:33:00'),(176,'Susie','Randall','srandall4v@ebay.com','(983) 5512627','4114 Sachs Street','1969-11-22','2023-04-19 14:28:00'),(177,'Russ','Aiken','raiken4w@elegantthemes.com','(503) 5076365','91441 Pawling Park','1989-05-07','2023-07-08 07:51:00'),(178,'Rurik','Edridge','redridge4x@blogspot.com','(790) 6893701','683 High Crossing Drive','1934-10-22','2023-07-08 22:49:00'),(179,'Chrissie','Lukianov','clukianov4y@vimeo.com','(254) 2121482','1867 Scott Point','1952-07-04','2024-05-24 03:30:00'),(180,'Addison','Lubbock','alubbock4z@ovh.net','(623) 8304717','20172 Kings Avenue','1966-04-25','2022-12-11 12:38:00'),(181,'Norah','Bascomb','nbascomb50@lulu.com','(403) 1811180','9869 Monica Alley','1945-05-21','2023-04-30 14:33:00'),(182,'Mella','Challinor','mchallinor51@wikipedia.org','(975) 8139035','4 Susan Road','1994-11-16','2023-08-05 04:44:00'),(183,'Claude','Elleton','celleton52@jimdo.com','(901) 8581902','5433 Arrowood Parkway','1988-10-25','2023-06-14 03:52:00'),(184,'Peder','Tibbotts','ptibbotts53@netscape.com','(586) 4916025','88874 Burning Wood Lane','2011-03-09','2023-01-05 09:52:00'),(185,'Brooke','Ivashchenko','bivashchenko54@360.cn','(161) 3629880','49 Katie Crossing','1931-06-19','2024-02-14 22:50:00'),(186,'Griz','MacCaughan','gmaccaughan55@dyndns.org','(137) 9607608','63482 Clove Drive','1967-11-29','2022-08-05 08:59:00'),(187,'Tierney','Ballard','tballard56@bluehost.com','(180) 8305451','14267 Eastlawn Crossing','1944-04-25','2023-09-14 02:03:00'),(188,'Nettle','Hagstone','nhagstone57@timesonline.co.uk','(318) 6948155','320 Glacier Hill Park','1960-11-03','2023-01-26 14:19:00'),(189,'Catlin','Winsom','cwinsom58@weather.com','(757) 8440982','9544 South Crossing','1933-05-25','2022-08-25 03:04:00'),(190,'Amble','Kruger','akruger59@ox.ac.uk','(582) 3127963','3 Oak Hill','2012-02-13','2023-08-04 11:34:00'),(191,'Katrinka','Brandenburg','kbrandenburg5a@yandex.ru','(359) 7291117','15 Scofield Road','1926-04-29','2024-02-17 09:33:00'),(192,'Loree','Held','lheld5b@state.gov','(246) 8675623','44 Mcguire Plaza','1995-09-26','2023-03-24 11:37:00'),(193,'Ronica','Tommasi','rtommasi5c@lycos.com','(791) 5541019','4421 Knutson Avenue','1998-01-31','2022-11-13 15:45:00'),(194,'Lorene','Giller','lgiller5d@mozilla.org','(531) 6455029','95932 Oakridge Court','2007-10-16','2023-06-27 06:36:00'),(195,'Carole','Domino','cdomino5e@baidu.com','(790) 4349629','0201 Spaight Parkway','1943-11-21','2024-02-08 17:43:00'),(196,'Stillmann','Tupper','stupper5f@nyu.edu','(269) 1325974','795 Killdeer Alley','1952-05-10','2023-06-30 22:40:00'),(197,'Kikelia','Macrow','kmacrow5g@nytimes.com','(504) 5373483','9 Scott Center','1936-04-08','2023-11-04 01:27:00'),(198,'Lizette','Kubista','lkubista5h@typepad.com','(754) 4045683','26967 Rieder Circle','1943-01-22','2024-06-09 04:53:00'),(199,'Latashia','Lenahan','llenahan5i@toplist.cz','(715) 8056807','48421 Kinsman Street','1996-10-24','2022-11-29 06:13:00'),(200,'Florencia','Cathrall','fcathrall5j@free.fr','(373) 8582485','43602 Moland Junction','1942-06-05','2023-07-25 17:26:00'),(201,'Averyl','Hastwall','ahastwall5k@sphinn.com','(728) 9224608','433 Packers Way','1942-09-03','2023-12-25 16:56:00'),(202,'Elvina','Munson','emunson5l@ask.com','(252) 4120393','0 Brentwood Trail','2018-01-22','2023-03-22 10:21:00'),(203,'Ham','Bastie','hbastie5m@aboutads.info','(149) 8779957','45314 Donald Alley','1983-06-28','2022-11-19 11:21:00'),(204,'Creigh','Sicha','csicha5n@w3.org','(929) 8112014','0 Sunbrook Circle','2009-11-03','2024-05-21 14:53:00'),(205,'Anjela','Hiers','ahiers5o@google.com','(426) 5030524','654 Golf View Circle','1966-11-12','2022-12-18 03:36:00'),(206,'Beale','Shepland','bshepland5p@kickstarter.com','(121) 2692020','2814 Alpine Street','1937-07-05','2022-09-14 14:26:00'),(207,'Horatius','Prestland','hprestland5q@eepurl.com','(329) 5478464','0 Crownhardt Court','1974-04-15','2023-04-27 04:25:00'),(208,'Tripp','Tomblings','ttomblings5r@sina.com.cn','(251) 5698706','16572 Talisman Way','1987-01-19','2023-10-25 21:53:00'),(209,'Dallis','Hardingham','dhardingham5s@ow.ly','(947) 2222173','908 Anderson Circle','1924-10-19','2023-07-11 07:20:00'),(210,'Moselle','Larrett','mlarrett5t@artisteer.com','(107) 3845927','647 Fairfield Terrace','1923-11-17','2023-10-13 01:57:00'),(211,'Binni','Lashbrook','blashbrook5u@hp.com','(155) 5676467','403 Oxford Lane','1929-08-03','2022-12-16 01:38:00'),(212,'Ivett','Poile','ipoile5v@ibm.com','(771) 2591198','45 Fuller Drive','1973-11-13','2023-09-09 21:04:00'),(213,'Kristen','Kettell','kkettell5w@oracle.com','(451) 6626128','8 Hintze Alley','1970-10-18','2024-06-17 06:50:00'),(214,'Darrell','Whyard','dwhyard5x@photobucket.com','(591) 3969689','5 Roth Court','1972-05-22','2024-04-24 02:11:00'),(215,'Daisie','Cragg','dcragg5y@networkadvertising.org','(863) 8617349','821 Oak Plaza','1935-05-19','2024-01-06 11:33:00'),(216,'Ellynn','Raspel','eraspel5z@foxnews.com','(570) 2228440','596 Sheridan Place','2013-03-24','2023-10-14 15:38:00'),(217,'Patton','Spratley','pspratley60@fotki.com','(473) 2243230','3124 Continental Center','1964-02-29','2023-02-02 00:42:00'),(218,'Frederico','Maty','fmaty61@1und1.de','(663) 6211509','128 Bluejay Lane','1964-10-21','2023-05-06 21:59:00'),(219,'Chane','Whitten','cwhitten62@parallels.com','(875) 8280231','32 Esker Park','1995-06-11','2023-04-14 10:34:00'),(220,'Betsey','Fielders','bfielders63@phoca.cz','(325) 7470379','86099 Onsgard Alley','1952-09-08','2023-10-02 11:50:00'),(221,'Winonah','Reams','wreams64@paginegialle.it','(335) 5557333','1 Drewry Alley','1975-04-06','2022-08-09 09:53:00'),(222,'Phelia','Breydin','pbreydin65@yahoo.com','(536) 4504461','7511 Maple Wood Way','1930-12-01','2024-04-15 15:31:00'),(223,'Ag','Lockhead','alockhead66@com.com','(381) 1694918','2 Del Sol Alley','1998-11-09','2024-05-03 23:33:00'),(224,'Ailene','Schechter','aschechter67@blogspot.com','(656) 4237230','432 Dapin Point','1929-09-13','2023-08-15 00:19:00'),(225,'Letitia','Brobak','lbrobak68@tiny.cc','(178) 9276023','8 Victoria Alley','2003-07-18','2023-10-15 16:02:00'),(226,'Maxwell','Elkins','melkins69@jalbum.net','(954) 2461868','844 Schiller Terrace','2006-03-28','2022-12-02 09:40:00'),(227,'Randie','Muslim','rmuslim6a@psu.edu','(267) 8994730','1659 Bayside Way','1954-01-28','2024-01-02 15:09:00'),(228,'Meris','Moreinu','mmoreinu6b@mozilla.org','(676) 1227186','224 Kim Crossing','1953-07-24','2024-05-23 16:45:00'),(229,'Annamaria','Karpushkin','akarpushkin6c@bbb.org','(413) 6247141','925 High Crossing Parkway','1975-05-03','2023-03-12 21:23:00'),(230,'Morgen','Lismer','mlismer6d@ibm.com','(138) 3257627','97582 Loeprich Park','1978-02-20','2023-05-26 17:45:00'),(231,'Liv','Matus','lmatus6e@wordpress.com','(310) 7947671','779 Merrick Terrace','1979-09-03','2024-01-14 12:53:00'),(232,'Elbertina','O\'Mohun','eomohun6f@exblog.jp','(776) 7419844','6847 Hauk Drive','1933-12-15','2022-08-09 01:47:00'),(233,'Essa','Perelli','eperelli6g@npr.org','(180) 5963264','7 Golf View Court','1965-06-15','2022-07-31 01:03:00'),(234,'Spence','Longforth','slongforth6h@sogou.com','(161) 2855811','676 Reinke Point','2009-10-14','2024-05-05 17:13:00'),(235,'Eva','Brenneke','ebrenneke6i@sohu.com','(599) 8276854','160 International Pass','1982-10-17','2022-09-12 18:39:00'),(236,'Barbara','Cumine','bcumine6j@utexas.edu','(889) 1177907','4171 Bobwhite Lane','1948-01-07','2022-09-17 06:27:00'),(237,'Ramona','Blann','rblann6k@mapy.cz','(807) 8651182','74865 Menomonie Hill','2006-09-07','2024-03-09 15:56:00'),(238,'Nolana','Matfin','nmatfin6l@bloomberg.com','(912) 2619860','6 Katie Pass','1926-12-18','2023-11-10 20:35:00'),(239,'Chery','Allott','callott6m@bigcartel.com','(466) 1606213','617 Myrtle Pass','1937-03-09','2024-06-04 03:07:00'),(240,'Vinnie','Doubleday','vdoubleday6n@salon.com','(378) 8253036','12 Doe Crossing Alley','1976-09-10','2023-02-21 03:21:00'),(241,'Barry','Dyde','bdyde6o@mozilla.com','(576) 5616780','48687 Norway Maple Road','1961-02-24','2023-08-18 03:40:00'),(242,'Broddy','Crank','bcrank6p@quantcast.com','(114) 8500017','8 Petterle Circle','2004-06-27','2024-01-14 19:21:00'),(243,'Blakelee','Pennini','bpennini6q@cargocollective.com','(816) 7784667','95 Comanche Road','2018-05-07','2022-08-09 12:35:00'),(244,'Kylen','O\'Driscole','kodriscole6r@g.co','(480) 3641520','3 Lawn Park','1941-08-22','2022-10-11 00:30:00'),(245,'Rafaelia','Bollum','rbollum6s@go.com','(979) 8213971','6166 Birchwood Drive','2000-09-16','2023-05-22 15:59:00'),(246,'Dennie','Urch','durch6t@xinhuanet.com','(270) 7297617','45 Quincy Trail','2020-05-04','2024-02-04 12:17:00'),(247,'Matthias','L\'Hommeau','mlhommeau6u@qq.com','(774) 1294581','1331 Sachs Hill','1948-04-24','2023-08-23 17:37:00'),(248,'Lucinda','Danielsson','ldanielsson6v@cnet.com','(247) 2037109','65 Ryan Road','2014-10-12','2023-07-14 18:10:00'),(249,'Temple','Clohessy','tclohessy6w@latimes.com','(624) 2517516','6034 Birchwood Junction','2018-04-26','2023-05-23 22:56:00'),(250,'Jordanna','Jephcott','jjephcott6x@comcast.net','(384) 5146029','88 Mitchell Trail','1999-07-15','2023-06-05 17:28:00'),(251,'Boyd','Spellicy','bspellicy6y@mayoclinic.com','(226) 4647241','5 Loomis Hill','1985-02-12','2024-03-27 07:00:00'),(252,'Stanislaw','Honsch','shonsch6z@harvard.edu','(963) 8360881','382 North Way','1976-01-29','2023-06-18 03:04:00'),(253,'Conny','Habden','chabden70@independent.co.uk','(411) 7589127','298 Butternut Lane','1947-05-25','2023-11-11 23:43:00'),(254,'Case','Silby','csilby71@nydailynews.com','(474) 9986986','7 Westerfield Street','1943-06-12','2023-07-23 16:26:00'),(255,'Raleigh','Stirley','rstirley72@princeton.edu','(793) 5789102','4 Vernon Alley','1974-12-30','2023-04-08 14:00:00'),(256,'Anderea','Bernette','abernette73@smugmug.com','(791) 7706073','3077 Prentice Street','1974-07-23','2022-12-21 07:57:00'),(257,'Charmine','Mullany','cmullany74@seesaa.net','(964) 2793987','27433 Mallard Court','1937-04-07','2022-10-27 09:40:00'),(258,'Franklyn','Bracken','fbracken75@harvard.edu','(347) 8403583','4 Sugar Court','1992-12-13','2024-02-10 23:52:00'),(259,'Terence','Oager','toager76@chicagotribune.com','(672) 9076355','3 Vernon Lane','2008-08-02','2023-10-13 00:25:00'),(260,'Tiffanie','Poge','tpoge77@studiopress.com','(910) 5591482','4 Golf View Avenue','1968-01-09','2022-08-08 17:38:00'),(261,'Taylor','Stotherfield','tstotherfield78@webeden.co.uk','(818) 3274734','839 Jenifer Terrace','1990-08-14','2023-08-30 11:58:00'),(262,'Harley','Rowbottom','hrowbottom79@youtube.com','(918) 9632895','467 Del Mar Drive','2022-07-12','2023-11-18 04:50:00'),(263,'Anica','Tixall','atixall7a@theatlantic.com','(702) 3552985','53 Pierstorff Trail','1971-01-14','2023-09-06 17:51:00'),(264,'Owen','Saipy','osaipy7b@cornell.edu','(789) 8480780','78 Stone Corner Alley','1960-06-23','2023-03-11 03:52:00'),(265,'Brynne','Roberson','broberson7c@nature.com','(639) 1025598','2063 Boyd Hill','1925-12-14','2023-11-04 11:39:00'),(266,'Mort','Witherspoon','mwitherspoon7d@ucoz.ru','(739) 5208374','1068 Carey Plaza','1971-02-26','2024-01-02 18:57:00'),(267,'Fiona','Davidson','fdavidson7e@wiley.com','(566) 2313869','117 Lyons Trail','1966-07-17','2024-04-13 17:19:00'),(268,'Mario','McCully','mmccully7f@blogtalkradio.com','(682) 3518865','69508 Lawn Street','2003-02-20','2023-01-19 18:23:00'),(269,'Hillel','Spoure','hspoure7g@parallels.com','(740) 9110960','388 Superior Pass','1977-09-06','2024-04-21 12:05:00'),(270,'Gustie','Smith','gsmith7h@acquirethisname.com','(468) 4426249','1920 Harbort Avenue','1941-12-09','2023-03-27 10:03:00'),(271,'Sindee','Zelner','szelner7i@studiopress.com','(575) 6420705','1774 Park Meadow Park','1948-01-12','2023-03-24 19:55:00'),(272,'Steven','Norheny','snorheny7j@alibaba.com','(212) 6009489','208 Esker Center','1987-03-12','2024-04-17 19:15:00'),(273,'Leonore','Prando','lprando7k@ucoz.com','(633) 4976203','169 Kedzie Alley','1954-12-07','2023-08-23 06:52:00'),(274,'Inessa','Shiliton','ishiliton7l@adobe.com','(787) 9131257','48 Hoffman Trail','1952-10-31','2024-04-04 16:07:00'),(275,'Cassandre','Helsdon','chelsdon7m@bravesites.com','(518) 7095482','374 Petterle Park','1952-02-18','2023-11-10 16:41:00'),(276,'Mariann','Berling','mberling7n@guardian.co.uk','(671) 5044653','606 Artisan Circle','1934-01-25','2022-10-04 05:00:00'),(277,'Carrol','Elverstone','celverstone7o@netvibes.com','(252) 3336092','84 Thierer Park','1998-06-06','2022-12-10 14:30:00'),(278,'Brunhilde','Rooney','brooney7p@arstechnica.com','(709) 5914797','39865 Elka Crossing','1968-09-11','2023-06-25 20:12:00'),(279,'Lela','Josefsohn','ljosefsohn7q@ftc.gov','(405) 1223962','86118 New Castle Way','1932-09-16','2024-04-06 17:34:00'),(280,'Susanetta','Quartly','squartly7r@smh.com.au','(951) 5663259','6 Division Park','1927-01-17','2022-12-28 23:24:00'),(281,'Sarene','Buzek','sbuzek7s@t-online.de','(385) 4294379','7 Di Loreto Terrace','1998-04-06','2023-03-16 00:13:00'),(282,'Andeee','Cunah','acunah7t@live.com','(281) 5720166','03564 Sachs Pass','1939-08-10','2022-12-02 16:58:00'),(283,'Maxy','MacGhee','mmacghee7u@time.com','(992) 8801878','4174 Vidon Point','1926-05-12','2024-07-19 17:49:00'),(284,'Mel','Snarie','msnarie7v@alibaba.com','(172) 1961580','07909 Lake View Trail','2016-06-22','2022-09-03 22:47:00'),(285,'Moss','Ife','mife7w@gov.uk','(988) 1456613','49 Nova Parkway','1959-09-25','2023-07-21 13:58:00'),(286,'Merilyn','Lenahan','mlenahan7x@cam.ac.uk','(710) 3303106','7 Crowley Avenue','1981-12-06','2022-09-13 00:24:00'),(287,'Kamillah','Hyne','khyne7y@princeton.edu','(119) 5716077','70536 Memorial Avenue','1936-10-25','2024-01-21 06:39:00'),(288,'Sherline','Bleakley','sbleakley7z@lulu.com','(938) 5740157','90008 Chinook Drive','2005-11-08','2023-07-20 13:39:00'),(289,'Lenka','Geraudel','lgeraudel80@seesaa.net','(241) 1459321','243 Caliangt Alley','1963-12-06','2023-05-26 06:27:00'),(290,'Maryjo','Waldram','mwaldram81@washingtonpost.com','(247) 8872890','9 Transport Alley','2016-04-09','2024-05-31 13:13:00'),(291,'Elita','Sivier','esivier82@miitbeian.gov.cn','(979) 7610422','3092 Summer Ridge Place','1936-03-19','2023-12-15 13:03:00'),(292,'Gilberte','Worwood','gworwood83@networksolutions.com','(526) 4977171','4036 Independence Parkway','2022-06-25','2024-03-17 00:48:00'),(293,'Bryant','Rignall','brignall84@ucsd.edu','(932) 6654750','3 Express Avenue','2014-12-17','2023-03-11 11:20:00'),(294,'Philip','Tevlin','ptevlin85@eepurl.com','(217) 4954692','11 Maple Wood Lane','1974-12-03','2023-10-03 11:46:00'),(295,'Louisette','Wimpress','lwimpress86@unc.edu','(926) 6883833','60735 Northview Plaza','1942-04-26','2022-10-02 02:48:00'),(296,'Rolf','Phizaclea','rphizaclea87@newsvine.com','(676) 7114294','36 Westridge Trail','1966-11-04','2024-06-12 12:45:00'),(297,'Arabele','Bernot','abernot88@netscape.com','(349) 5219805','9695 Alpine Terrace','1929-05-14','2023-05-05 20:53:00'),(298,'Anastassia','Herrero','aherrero89@prlog.org','(242) 7912654','661 Onsgard Crossing','1931-04-18','2023-03-03 19:53:00'),(299,'Chelsie','Danielou','cdanielou8a@jalbum.net','(692) 6245388','09 Dexter Court','1992-12-30','2023-09-04 09:24:00'),(300,'Isabeau','Teese','iteese8b@google.es','(915) 6907689','4 Manitowish Way','1950-03-23','2024-05-11 19:07:00'),(301,'Rafaellle','Gamwell','rgamwell8c@paginegialle.it','(421) 5059540','6847 Oxford Park','1957-09-17','2023-10-16 07:59:00'),(302,'Dorie','Golde','dgolde8d@paypal.com','(869) 8222593','4 Fair Oaks Road','2004-10-31','2024-02-23 17:22:00'),(303,'Kelila','Marsay','kmarsay8e@apple.com','(946) 7273262','85374 Nelson Way','1974-10-01','2023-08-20 03:54:00'),(304,'Consuela','Manis','cmanis8f@shop-pro.jp','(546) 9652279','617 Larry Terrace','2015-06-23','2024-07-10 01:43:00'),(305,'Jeana','Witherbed','jwitherbed8g@webs.com','(638) 7848721','35 Comanche Way','2000-02-21','2024-02-21 08:54:00'),(306,'Taffy','Hendrichs','thendrichs8h@omniture.com','(896) 5065539','901 Kennedy Alley','1968-04-02','2024-01-30 23:26:00'),(307,'Khalil','O\'Hannen','kohannen8i@newsvine.com','(670) 3269143','36350 Harper Center','1941-08-11','2024-04-01 10:04:00'),(308,'Carter','Offa','coffa8j@usatoday.com','(912) 6903100','708 Linden Alley','2011-07-10','2024-02-17 03:22:00'),(309,'Yetty','Greschik','ygreschik8k@weibo.com','(998) 1481743','232 Shopko Point','2013-12-23','2024-01-06 11:39:00'),(310,'Sheba','Ilymanov','silymanov8l@dagondesign.com','(106) 9290957','8758 Swallow Center','1954-03-23','2023-09-11 20:43:00'),(311,'Johnny','Cockrell','jcockrell8m@plala.or.jp','(977) 5732556','943 Oriole Alley','1926-04-28','2022-12-18 15:45:00'),(312,'Anselm','Dimmock','adimmock8n@msu.edu','(264) 3958739','638 Scofield Street','1962-10-02','2024-04-20 10:35:00'),(313,'Elysha','Calderwood','ecalderwood8o@biblegateway.com','(145) 1019411','49 Ramsey Way','1971-10-16','2024-01-25 19:27:00'),(314,'Norene','Izsak','nizsak8p@canalblog.com','(952) 6527161','00 Onsgard Park','1963-07-19','2023-04-19 17:33:00'),(315,'Ernesta','Plastow','eplastow8q@go.com','(360) 8600908','2958 Crest Line Plaza','2009-07-11','2023-08-22 21:29:00'),(316,'Garvey','Osipov','gosipov8r@accuweather.com','(167) 7715943','0368 Ruskin Street','1967-09-29','2024-06-15 21:02:00'),(317,'Myriam','Willshire','mwillshire8s@plala.or.jp','(159) 7910799','70798 Sauthoff Crossing','2016-10-22','2024-04-04 11:00:00'),(318,'Karlan','Palfreyman','kpalfreyman8t@salon.com','(441) 5731058','608 Sutherland Hill','2019-03-21','2023-09-08 23:19:00'),(319,'Averil','Eastam','aeastam8u@goo.ne.jp','(163) 2292383','422 Union Pass','2015-02-07','2024-05-23 00:26:00'),(320,'Rosabel','Liley','rliley8v@naver.com','(755) 9379662','529 Leroy Avenue','1975-12-11','2024-02-17 05:31:00'),(321,'Derby','Reding','dreding8w@tripadvisor.com','(881) 6847980','42 Truax Avenue','2020-12-09','2023-07-18 17:58:00'),(322,'Ode','Tee','otee8x@ibm.com','(332) 4871304','0313 Kings Park','1989-01-29','2024-01-27 18:11:00'),(323,'Jesse','Penhalewick','jpenhalewick8y@gnu.org','(780) 8527112','7 Service Way','2000-01-30','2022-07-31 21:35:00'),(324,'Schuyler','Boylund','sboylund8z@bloglovin.com','(364) 2187055','92830 Dottie Street','1995-10-30','2022-08-07 21:23:00'),(325,'Carma','Tyhurst','ctyhurst90@ucla.edu','(686) 1503391','9 Macpherson Drive','1983-01-31','2024-01-27 09:36:00'),(326,'Aurilia','Milson','amilson91@yellowbook.com','(302) 1985866','59 Golf Course Court','2023-04-04','2024-07-04 14:56:00'),(327,'Duff','Schild','dschild92@360.cn','(449) 5494231','99 Morning Park','2019-09-13','2022-08-03 14:11:00'),(328,'Meade','Adriaens','madriaens93@mysql.com','(203) 7601846','676 Fremont Circle','1950-10-01','2023-02-16 00:57:00'),(329,'Kellie','Gowers','kgowers94@nationalgeographic.com','(636) 1564506','353 Holmberg Parkway','1958-05-25','2024-03-27 09:45:00'),(330,'Nicola','Blomfield','nblomfield95@usgs.gov','(547) 1043957','337 Mandrake Center','2004-03-20','2024-03-16 00:58:00'),(331,'Asa','Vial','avial96@linkedin.com','(762) 3805307','50575 Pennsylvania Avenue','1983-12-04','2024-07-10 22:18:00'),(332,'Hilde','Olerenshaw','holerenshaw97@ow.ly','(487) 2822981','159 Fordem Junction','1936-05-14','2022-11-12 20:47:00'),(333,'Clemmie','Bleckly','cbleckly98@prweb.com','(779) 2117518','3263 Randy Crossing','1983-04-06','2023-05-30 19:45:00'),(334,'Jacquelynn','Spenclay','jspenclay99@walmart.com','(470) 2270760','50 Katie Place','1942-05-04','2023-03-13 16:15:00'),(335,'Gussy','Biggadyke','gbiggadyke9a@flavors.me','(343) 7790853','5581 Dixon Hill','1966-11-16','2024-03-24 23:13:00'),(336,'Gillan','Guidi','gguidi9b@sciencedaily.com','(428) 3565910','7714 Hovde Park','1942-11-30','2022-08-07 17:05:00'),(337,'Celinka','Cawthera','ccawthera9c@gnu.org','(281) 9500302','65317 Hanson Street','1961-02-11','2023-06-12 08:47:00'),(338,'Laurence','Finnan','lfinnan9d@theguardian.com','(957) 4140223','594 5th Pass','1955-11-15','2023-01-02 14:00:00'),(339,'Artus','Rathke','arathke9e@godaddy.com','(929) 1202564','130 Judy Street','1988-10-09','2023-09-19 15:35:00'),(340,'Rutledge','Espadate','respadate9f@godaddy.com','(757) 2367405','069 Hintze Avenue','2003-02-23','2023-05-15 09:15:00'),(341,'Sarah','Broadley','sbroadley9g@mashable.com','(211) 9566539','0941 Dayton Parkway','1973-05-22','2024-03-08 15:57:00'),(342,'Salomone','Kenforth','skenforth9h@blogs.com','(493) 4657677','5648 Forest Alley','2020-11-19','2024-04-15 21:18:00'),(343,'Hamilton','Bramble','hbramble9i@sina.com.cn','(423) 8639862','590 American Ash Crossing','1992-02-12','2023-01-04 06:50:00'),(344,'Beau','McInteer','bmcinteer9j@blogs.com','(495) 6243708','1 Riverside Hill','1990-04-23','2023-11-27 19:21:00'),(345,'Carver','Belshaw','cbelshaw9k@dailymail.co.uk','(652) 4662161','7 Haas Way','1986-11-28','2023-04-28 05:37:00'),(346,'Velma','Noore','vnoore9l@microsoft.com','(129) 5732676','16 Anzinger Terrace','1954-09-25','2024-07-20 15:39:00'),(347,'Reed','Venning','rvenning9m@jimdo.com','(509) 8951304','2 Waywood Road','2022-12-26','2022-11-13 19:05:00'),(348,'Asa','Hardie','ahardie9n@pinterest.com','(601) 6200754','2665 Marquette Way','1946-10-05','2023-05-10 14:38:00'),(349,'Georgine','Caulkett','gcaulkett9o@sciencedaily.com','(585) 5946180','964 Calypso Parkway','1998-03-09','2022-11-18 15:52:00'),(350,'Durward','Ketch','dketch9p@freewebs.com','(196) 4150326','31792 Forster Terrace','2014-05-16','2023-03-21 19:13:00'),(351,'Nye','Boodell','nboodell9q@homestead.com','(163) 2213435','8044 Pine View Terrace','1997-12-19','2022-10-23 15:18:00'),(352,'Khalil','Senchenko','ksenchenko9r@mayoclinic.com','(112) 5422418','2 Milwaukee Pass','2017-07-13','2024-01-30 16:21:00'),(353,'Priscilla','Iacovacci','piacovacci9s@mediafire.com','(500) 2577362','72531 Knutson Court','2017-08-31','2023-07-08 07:26:00'),(354,'Clarke','Nenci','cnenci9t@fotki.com','(274) 3918312','4075 Dryden Pass','2001-05-01','2024-07-07 07:07:00'),(355,'Danica','Kinastan','dkinastan9u@parallels.com','(162) 6792495','837 Fordem Drive','1960-04-10','2022-11-05 13:49:00'),(356,'Lyell','McNeilley','lmcneilley9v@samsung.com','(855) 4721534','37303 Hollow Ridge Lane','1937-10-11','2024-07-12 19:26:00'),(357,'Mirelle','Mc Carroll','mmccarroll9w@netlog.com','(931) 7966726','48929 New Castle Point','1948-11-14','2023-06-09 16:04:00'),(358,'Thibaud','Scotchbrook','tscotchbrook9x@imageshack.us','(377) 8067058','6398 Golf View Way','1967-01-11','2022-10-15 21:56:00'),(359,'Waring','Grinnikov','wgrinnikov9y@shutterfly.com','(999) 9440045','6 Trailsway Avenue','1952-03-02','2024-06-20 04:07:00'),(360,'Laurie','Ryam','lryam9z@pcworld.com','(324) 6141375','6 Ludington Plaza','1931-05-24','2023-06-11 16:50:00'),(361,'Krispin','De Dei','kdedeia0@alibaba.com','(332) 2359843','4327 Raven Parkway','2001-09-05','2024-02-28 08:35:00'),(362,'Arni','Benton','abentona1@cornell.edu','(225) 8242304','25146 Homewood Avenue','1951-03-15','2024-06-04 06:07:00'),(363,'Agneta','Sket','asketa2@columbia.edu','(992) 2182104','4 High Crossing Plaza','1949-12-16','2023-12-11 07:47:00'),(364,'Siward','Sollam','ssollama3@soup.io','(380) 3349973','0 Gulseth Point','2016-02-19','2024-03-14 16:12:00'),(365,'Marilyn','Irlam','mirlama4@mtv.com','(384) 7413117','24 Dryden Drive','1994-06-19','2023-03-31 19:37:00'),(366,'El','Brosini','ebrosinia5@google.fr','(401) 4019101','376 Red Cloud Way','1943-07-22','2023-06-20 12:09:00'),(367,'Redford','Matthieson','rmatthiesona6@psu.edu','(548) 7778780','8 Porter Avenue','1944-03-23','2023-08-11 19:07:00'),(368,'Dinnie','Trippitt','dtrippitta7@disqus.com','(325) 8888055','8 Reindahl Street','1959-12-07','2022-11-04 15:37:00'),(369,'Stefania','Brafield','sbrafielda8@examiner.com','(442) 9131972','3288 Barby Crossing','1946-09-12','2022-08-11 14:29:00'),(370,'Monro','Dorkens','mdorkensa9@youtube.com','(635) 1584295','77538 School Way','1954-11-19','2022-09-10 18:10:00'),(371,'Sara','McIlwrick','smcilwrickaa@squidoo.com','(936) 5859788','277 2nd Center','1988-02-17','2024-06-05 14:38:00'),(372,'Fredrick','Duding','fdudingab@taobao.com','(845) 2813461','033 Loftsgordon Avenue','2015-11-04','2024-03-29 06:34:00'),(373,'Elisa','Kleinsinger','ekleinsingerac@economist.com','(804) 3415062','287 Randy Crossing','1925-04-08','2023-03-28 21:16:00'),(374,'Brunhilda','Gumbrell','bgumbrellad@pinterest.com','(680) 1832127','43860 Superior Place','2000-11-14','2022-11-23 08:01:00'),(375,'Creigh','Renoden','crenodenae@twitter.com','(131) 9758556','9 Valley Edge Parkway','2018-03-30','2022-08-11 13:15:00'),(376,'Gussie','Innwood','ginnwoodaf@va.gov','(678) 5052498','030 Johnson Terrace','1929-08-24','2023-03-08 08:00:00'),(377,'Heath','Keysall','hkeysallag@deliciousdays.com','(128) 2447833','03881 Washington Drive','1970-09-19','2024-05-30 23:51:00'),(378,'Joline','Whibley','jwhibleyah@nymag.com','(693) 9438017','46 Longview Drive','2011-10-30','2023-05-22 08:51:00'),(379,'Gale','Bragge','gbraggeai@google.co.uk','(434) 5149132','8842 Bluestem Lane','1971-10-18','2023-07-15 04:39:00'),(380,'Cynthie','Doring','cdoringaj@icio.us','(996) 4280529','0870 Bultman Junction','1959-01-15','2022-09-28 09:51:00'),(381,'Gleda','Esseby','gessebyak@google.com','(913) 6583198','61312 Raven Avenue','1959-01-13','2023-08-10 20:49:00'),(382,'Arda','Clynter','aclynteral@theatlantic.com','(290) 5107809','3 Village Parkway','2007-02-04','2022-11-11 09:26:00'),(383,'Kelbee','Rene','kreneam@dell.com','(849) 4994041','002 Fremont Point','1989-03-02','2022-12-31 14:31:00'),(384,'Gard','McCoish','gmccoishan@whitehouse.gov','(237) 3820660','155 Beilfuss Trail','1975-08-09','2023-08-15 08:17:00'),(385,'Wilden','Balogun','wbalogunao@facebook.com','(814) 2772472','00179 Loomis Trail','1941-05-22','2023-01-22 16:06:00'),(386,'Gwyn','Humfrey','ghumfreyap@google.nl','(118) 5882035','6 Clarendon Trail','2012-07-31','2023-02-20 16:20:00'),(387,'Barnaby','Hurrell','bhurrellaq@smugmug.com','(122) 6128045','4 Cambridge Street','2022-04-19','2023-10-03 00:31:00'),(388,'Witty','Duligall','wduligallar@ask.com','(422) 1434520','1604 Dovetail Trail','1969-01-18','2023-05-08 18:15:00'),(389,'Tommie','Wickett','twickettas@shareasale.com','(622) 2530749','6262 Artisan Terrace','1953-04-25','2022-10-28 01:24:00'),(390,'Dedra','Von Hindenburg','dvonhindenburgat@discuz.net','(782) 5872843','2097 Shoshone Point','1994-10-16','2023-08-14 22:28:00'),(391,'Anette','Olensby','aolensbyau@yolasite.com','(477) 1015055','7 Rieder Point','1926-07-22','2024-06-07 07:35:00'),(392,'Happy','Carette','hcaretteav@pagesperso-orange.fr','(942) 7993683','87496 Warrior Junction','1931-04-20','2023-05-28 21:33:00'),(393,'Gardner','Kilmurray','gkilmurrayaw@wired.com','(969) 7539080','47739 David Center','2015-04-07','2023-04-10 19:12:00'),(394,'Beltran','Albrecht','balbrechtax@prweb.com','(855) 4817919','30 Lukken Point','1978-05-27','2024-06-14 13:04:00'),(395,'Rosabel','Jordine','rjordineay@plala.or.jp','(993) 1810786','44 Nancy Hill','1959-03-05','2023-05-03 23:34:00'),(396,'Marthena','Lermouth','mlermouthaz@hatena.ne.jp','(163) 2874114','3674 Waxwing Place','1956-06-17','2024-01-04 07:52:00'),(397,'Imogen','Benting','ibentingb0@google.com','(233) 2961979','31713 Granby Street','1970-09-01','2023-02-22 20:46:00'),(398,'Ellyn','Hullah','ehullahb1@examiner.com','(721) 2373949','606 Fairview Road','1932-08-03','2024-02-23 08:48:00'),(399,'Mae','Pedrocchi','mpedrocchib2@weather.com','(303) 6977573','310 Mockingbird Pass','2005-11-29','2024-05-01 23:49:00'),(400,'Lorianne','Brisley','lbrisleyb3@ucoz.ru','(524) 7015414','9201 Katie Plaza','1947-11-11','2023-04-23 14:24:00'),(401,'Alwyn','Meaton','ameatonb4@virginia.edu','(158) 5827572','45 Muir Hill','1955-06-01','2022-09-07 22:03:00'),(402,'Jeni','Gillanders','jgillandersb5@booking.com','(375) 9135988','264 Bunker Hill Parkway','1948-09-25','2023-12-21 09:52:00'),(403,'Moss','Worsalls','mworsallsb6@ehow.com','(911) 3932168','2 Rutledge Road','2018-01-05','2024-05-11 05:32:00'),(404,'Nevin','Landell','nlandellb7@microsoft.com','(545) 2410793','761 Jackson Road','1955-10-10','2023-11-15 08:17:00'),(405,'Joe','Tutin','jtutinb8@arizona.edu','(841) 7257278','4633 Scoville Road','1981-04-06','2023-09-02 08:52:00'),(406,'Tamma','O\'Dunniom','todunniomb9@disqus.com','(779) 1131009','5 Transport Park','1982-12-14','2023-08-03 03:55:00'),(407,'Rina','Jasiak','rjasiakba@wordpress.com','(619) 1052413','4567 Corben Avenue','1977-12-20','2024-01-06 02:26:00'),(408,'Cecilla','Ivashov','civashovbb@people.com.cn','(895) 9872705','31 Lindbergh Plaza','1978-01-19','2023-01-11 03:16:00'),(409,'Trula','D\'Aulby','tdaulbybc@intel.com','(634) 1632047','552 Lukken Pass','1950-02-10','2023-09-02 23:45:00'),(410,'Quintana','Waszczyk','qwaszczykbd@dailymotion.com','(267) 2750925','34 Twin Pines Junction','1938-12-04','2022-09-29 08:36:00'),(411,'Ricardo','Abatelli','rabatellibe@is.gd','(421) 1341805','960 Crownhardt Place','1975-11-08','2022-08-12 13:25:00'),(412,'Ileana','Dyer','idyerbf@uiuc.edu','(480) 5900713','73 Barnett Point','1946-01-17','2023-08-26 20:47:00'),(413,'Tara','Gillies','tgilliesbg@washingtonpost.com','(709) 2640659','0005 Logan Alley','2022-12-01','2024-03-16 12:50:00'),(414,'Ernest','Orgel','eorgelbh@illinois.edu','(261) 9566417','05 Pine View Trail','1930-06-30','2024-01-11 00:48:00'),(415,'Timmie','Gumbley','tgumbleybi@netscape.com','(103) 5596963','4 Tennessee Circle','1948-11-08','2022-11-04 22:50:00'),(416,'Eduard','Blowen','eblowenbj@amazon.de','(904) 8203840','5453 Lerdahl Road','1929-09-06','2023-04-03 08:08:00'),(417,'Ellette','Pull','epullbk@tripod.com','(557) 8812286','4354 Morning Crossing','1978-09-23','2023-11-19 08:10:00'),(418,'Cynthia','Saunt','csauntbl@patch.com','(341) 9193465','2 Bay Drive','2004-01-12','2024-03-09 19:28:00'),(419,'Griffy','Lazell','glazellbm@purevolume.com','(255) 7133033','466 Stoughton Point','1925-12-25','2022-08-06 15:06:00'),(420,'Carlen','Hattiff','chattiffbn@walmart.com','(499) 2633828','01253 Schlimgen Pass','1945-12-06','2023-06-24 05:50:00'),(421,'Tito','Arrigo','tarrigobo@goo.gl','(873) 2512394','95 Roxbury Place','1962-07-03','2023-08-26 08:58:00'),(422,'Sonny','Barrows','sbarrowsbp@wp.com','(846) 8040495','66141 Bonner Trail','1945-10-31','2024-04-06 15:17:00'),(423,'Hagan','Najara','hnajarabq@umich.edu','(421) 6452321','8169 Di Loreto Street','1938-04-25','2023-08-02 00:31:00'),(424,'Deny','Winkell','dwinkellbr@eventbrite.com','(852) 3599941','9 Old Gate Terrace','1927-03-28','2023-05-06 23:52:00'),(425,'Oralia','Westman','owestmanbs@macromedia.com','(106) 4053806','7571 Emmet Terrace','2012-12-05','2023-06-26 05:52:00'),(426,'Ambrosius','Gaymar','agaymarbt@nymag.com','(379) 3824979','1006 Dryden Way','1938-07-27','2024-02-02 20:00:00'),(427,'Alena','Rainbird','arainbirdbu@nydailynews.com','(762) 6412333','6 Kingsford Alley','1965-09-02','2022-10-28 17:55:00'),(428,'Kizzie','Goucher','kgoucherbv@e-recht24.de','(634) 8154496','74 Grasskamp Road','1988-06-26','2023-07-01 01:47:00'),(429,'Elnore','Duthie','eduthiebw@diigo.com','(863) 9077556','85 Marquette Way','2024-01-17','2022-10-31 22:01:00'),(430,'Dell','Ingry','dingrybx@shinystat.com','(860) 3475131','1 Colorado Avenue','1995-02-04','2024-05-08 07:20:00'),(431,'Tarah','Alaway','talawayby@cbslocal.com','(237) 7803671','2978 Mccormick Lane','1968-01-02','2022-12-01 14:56:00'),(432,'Maxy','Peeters','mpeetersbz@yandex.ru','(794) 5324760','64315 Manley Crossing','2024-06-17','2023-08-02 02:10:00'),(433,'Maribel','Kennion','mkennionc0@devhub.com','(610) 1470220','5 Redwing Court','1928-09-25','2023-02-22 12:32:00'),(434,'Michaelina','Ebanks','mebanksc1@issuu.com','(417) 1325750','2113 Macpherson Pass','1973-07-22','2023-01-02 14:45:00'),(435,'Evelyn','Faherty','efahertyc2@mysql.com','(114) 5921931','021 Hintze Hill','1942-01-04','2024-05-22 01:29:00'),(436,'Maryl','Geipel','mgeipelc3@ucoz.com','(647) 6937081','64700 Oxford Center','1932-12-30','2023-04-18 06:08:00'),(437,'Briana','Damant','bdamantc4@bing.com','(193) 1002250','2 Menomonie Road','1958-11-16','2023-08-08 13:54:00'),(438,'Merill','Chucks','mchucksc5@creativecommons.org','(345) 5847016','2462 Maple Pass','1929-05-17','2023-01-18 04:17:00'),(439,'Madeleine','Sleaford','msleafordc6@dailymail.co.uk','(456) 4622574','9 Helena Junction','1967-12-24','2024-01-27 02:45:00'),(440,'Dorotea','Parnham','dparnhamc7@china.com.cn','(485) 6194318','7 Jana Court','2007-05-03','2023-12-25 06:27:00'),(441,'Barty','Haldene','bhaldenec8@mail.ru','(404) 1952706','18 Del Mar Place','1958-01-23','2023-05-03 07:10:00'),(442,'Lori','Rantoul','lrantoulc9@fema.gov','(906) 8369393','9125 Schurz Point','1964-02-13','2023-01-12 14:18:00'),(443,'Llewellyn','Lutsch','llutschca@parallels.com','(509) 3793882','4287 Briar Crest Crossing','2010-04-20','2022-08-02 05:59:00'),(444,'Krisha','Yurchishin','kyurchishincb@microsoft.com','(794) 7335208','3880 Longview Road','1966-09-07','2023-07-12 07:57:00'),(445,'Benji','Worrell','bworrellcc@indiatimes.com','(164) 3068711','023 Hoepker Alley','1975-06-30','2023-11-01 22:59:00'),(446,'Siana','Watsam','swatsamcd@bloomberg.com','(330) 4558957','6422 Southridge Plaza','2017-03-05','2024-03-27 05:00:00'),(447,'Morganica','Hamber','mhamberce@dyndns.org','(392) 1090676','03179 Lukken Alley','1946-08-28','2023-07-03 20:33:00'),(448,'Rockey','Drews','rdrewscf@wikimedia.org','(439) 1195547','8100 Dixon Park','1968-09-12','2023-05-25 06:40:00'),(449,'Carey','Calveley','ccalveleycg@blogs.com','(625) 8210299','5 Trailsway Place','1990-08-10','2023-02-07 11:00:00'),(450,'Alethea','Armin','aarminch@sbwire.com','(644) 5232557','9 Knutson Way','1969-10-07','2024-03-12 04:42:00'),(451,'Mary','Elsey','melseyci@yolasite.com','(242) 9798626','03 Bellgrove Park','1925-08-30','2022-11-05 01:49:00'),(452,'Joseph','Hauger','jhaugercj@wikipedia.org','(647) 6004644','6846 Beilfuss Way','1952-05-22','2023-07-14 22:24:00'),(453,'Francisca','Floris','fflorisck@sciencedirect.com','(395) 8253544','1 Pierstorff Crossing','1960-06-04','2022-12-28 06:52:00'),(454,'Mariam','Burgan','mburgancl@parallels.com','(662) 6285598','54288 Mayfield Junction','1951-10-20','2022-08-22 10:07:00'),(455,'Dacie','Sherburn','dsherburncm@chicagotribune.com','(737) 9591346','1856 Old Gate Pass','1966-02-13','2024-02-05 18:55:00'),(456,'Michel','Gentric','mgentriccn@typepad.com','(491) 6973595','336 Graceland Way','1933-09-23','2023-04-07 07:32:00'),(457,'Basil','De Blasio','bdeblasioco@zdnet.com','(874) 6567950','3337 Ridgeway Avenue','1963-09-16','2022-08-13 22:30:00'),(458,'Willard','Quig','wquigcp@hhs.gov','(859) 2972634','04360 Sutteridge Avenue','1937-05-19','2023-12-09 05:12:00'),(459,'Vikky','Boorn','vboorncq@nsw.gov.au','(340) 7832598','342 Little Fleur Trail','1975-09-06','2024-01-02 13:00:00'),(460,'Guilbert','Heinert','gheinertcr@apache.org','(649) 8530184','507 Ridge Oak Plaza','2011-10-02','2023-12-02 08:45:00'),(461,'Killie','Hickenbottom','khickenbottomcs@toplist.cz','(334) 9926389','610 Mallory Crossing','1974-10-16','2023-10-12 07:28:00'),(462,'Ollie','Bastock','obastockct@jalbum.net','(201) 1552670','90494 Troy Terrace','1994-09-20','2022-11-03 20:31:00'),(463,'Calley','Iwanowski','ciwanowskicu@ftc.gov','(281) 6210949','8485 Lotheville Park','1999-12-26','2023-12-05 04:08:00'),(464,'Park','Jermin','pjermincv@prlog.org','(730) 4716926','27 Buell Plaza','1951-05-04','2023-11-23 12:21:00'),(465,'Karisa','Moreman','kmoremancw@last.fm','(250) 5716821','3 Warbler Terrace','1967-11-20','2024-04-23 22:25:00'),(466,'Ambrosi','Guerner','aguernercx@reuters.com','(432) 5589596','2 Judy Point','1983-05-02','2024-01-03 11:59:00'),(467,'Pren','Syphas','psyphascy@msu.edu','(795) 6591100','20 Westport Crossing','2011-08-08','2023-11-28 20:24:00'),(468,'Inessa','Overil','ioverilcz@prweb.com','(472) 4013400','8 Paget Court','1961-11-26','2023-11-25 08:49:00'),(469,'Erhard','Drewes','edrewesd0@ca.gov','(325) 4133103','40 Algoma Pass','2013-05-01','2024-02-15 13:45:00'),(470,'Levin','Darben','ldarbend1@twitpic.com','(755) 7560531','8835 Dakota Way','1973-06-12','2023-12-15 15:50:00'),(471,'Hildagarde','Bygott','hbygottd2@engadget.com','(180) 5735656','95503 Lyons Center','2003-07-21','2022-12-02 02:29:00'),(472,'Tomi','Buttwell','tbuttwelld3@g.co','(401) 7915539','86372 Summerview Point','1959-01-14','2022-08-20 21:32:00'),(473,'Modestia','Velte','mvelted4@dagondesign.com','(668) 8052636','2 Monument Crossing','1986-04-30','2024-03-11 23:15:00'),(474,'Adrea','Speariett','aspeariettd5@cornell.edu','(869) 5714776','24217 Fallview Park','1993-03-31','2022-11-30 10:12:00'),(475,'Kiersten','McGuire','kmcguired6@dot.gov','(450) 8242077','85 Grayhawk Point','2006-07-04','2023-07-11 17:38:00'),(476,'Dasi','Stump','dstumpd7@ehow.com','(972) 7223571','35666 Shopko Hill','1987-05-20','2024-02-18 01:33:00'),(477,'Traver','Gatenby','tgatenbyd8@ustream.tv','(350) 4710078','44 Vermont Junction','1989-07-20','2023-11-30 14:06:00'),(478,'Hubie','Clews','hclewsd9@cnn.com','(392) 2564287','22353 Maryland Lane','1940-10-24','2022-12-31 06:56:00'),(479,'Mart','Cerman','mcermanda@skyrock.com','(576) 4941278','46526 Fair Oaks Alley','1939-01-07','2023-11-07 13:15:00'),(480,'Palmer','Astill','pastilldb@google.it','(142) 1769312','88 Crownhardt Parkway','1965-03-02','2023-11-23 01:55:00'),(481,'Harmonia','Chittleburgh','hchittleburghdc@amazonaws.com','(764) 1182006','7563 Glacier Hill Terrace','1976-11-13','2023-12-10 15:44:00'),(482,'Taddeo','Semiras','tsemirasdd@ibm.com','(994) 3505048','6 Pawling Lane','1944-08-03','2024-05-24 05:17:00'),(483,'Elvera','Cashley','ecashleyde@bluehost.com','(776) 6038816','9 Pawling Pass','1978-03-12','2024-05-31 23:11:00'),(484,'Zelma','Ren','zrendf@hhs.gov','(355) 6550955','1 Dorton Drive','1986-02-17','2023-02-10 16:45:00'),(485,'Zahara','Desporte','zdesportedg@omniture.com','(445) 2350840','8 Forest Dale Court','1986-09-15','2024-01-24 19:21:00'),(486,'Ban','Keneforde','bkenefordedh@gravatar.com','(462) 9238806','70289 Hintze Plaza','1942-11-13','2024-04-22 21:11:00'),(487,'Rozanne','Hatley','rhatleydi@istockphoto.com','(490) 2423820','23227 Blaine Circle','1990-06-14','2022-08-29 17:30:00'),(488,'Cary','Downton','cdowntondj@illinois.edu','(882) 8373569','0815 Sommers Pass','1982-08-28','2023-10-18 10:38:00'),(489,'Karisa','Hakonsson','khakonssondk@vinaora.com','(124) 1651357','58362 Mccormick Park','2008-08-28','2023-07-21 23:37:00'),(490,'Martguerita','Sottell','msottelldl@mlb.com','(154) 5972049','374 Reinke Drive','1984-12-15','2022-09-08 07:41:00'),(491,'Cord','Ringe','cringedm@myspace.com','(102) 1862932','115 Sugar Street','1994-12-19','2024-01-11 20:58:00'),(492,'Ariel','Retallack','aretallackdn@wikispaces.com','(847) 1949852','4 Golf View Parkway','1960-01-12','2023-10-25 23:02:00'),(493,'Alysa','Fenge','afengedo@yandex.ru','(277) 3846186','2126 Troy Parkway','1927-08-25','2023-03-14 02:40:00'),(494,'Shem','Clemenson','sclemensondp@deviantart.com','(888) 7431964','6 Cambridge Drive','2011-10-28','2023-02-07 20:08:00'),(495,'Melodie','Menel','mmeneldq@twitpic.com','(374) 6273357','5 Rowland Plaza','1986-09-18','2024-04-16 23:08:00'),(496,'Klaus','Garrit','kgarritdr@smugmug.com','(133) 1394271','2776 Green Ridge Circle','1941-08-14','2023-07-01 23:15:00'),(497,'Broddie','Tyrer','btyrerds@europa.eu','(161) 5806821','8800 Quincy Road','1990-06-24','2024-02-29 02:09:00'),(498,'Radcliffe','Audas','raudasdt@yale.edu','(562) 1310240','9173 Jay Lane','2018-08-26','2022-08-23 06:51:00'),(499,'Chloette','Lagadu','clagadudu@google.ca','(363) 5742115','11 La Follette Alley','1960-04-07','2024-06-09 19:56:00'),(500,'Jess','Garrit','jgarritdv@yahoo.co.jp','(126) 5684739','4469 Hermina Parkway','1963-05-01','2023-12-18 14:47:00'),(501,'Callean','Solomonides','csolomonidesdw@mtv.com','(481) 6381128','00 Starling Alley','1937-07-14','2023-03-18 02:57:00'),(502,'Case','Beagrie','cbeagriedx@archive.org','(421) 8243371','8078 Center Hill','1999-05-23','2023-05-17 02:20:00'),(503,'Leonora','Cassimer','lcassimerdy@ucoz.com','(870) 9476130','26 Sutteridge Center','1996-10-18','2023-02-22 22:50:00'),(504,'Sherman','Botterman','sbottermandz@jimdo.com','(524) 1451224','08 Huxley Drive','2017-11-11','2024-07-07 06:36:00'),(505,'Slade','Laing','slainge0@go.com','(849) 8313334','46 Canary Avenue','1939-12-27','2022-12-16 05:12:00'),(506,'Giraud','Penhaleurack','gpenhaleuracke1@admin.ch','(280) 2505264','9 Butterfield Court','1994-09-20','2024-03-15 23:01:00'),(507,'Gerty','Gabbidon','ggabbidone2@bloomberg.com','(653) 2343118','381 Bellgrove Point','2003-06-06','2022-10-17 18:30:00'),(508,'Mirelle','Canet','mcanete3@slate.com','(718) 9058390','49027 Donald Street','2001-10-02','2023-12-21 08:57:00'),(509,'Darby','Fleming','dfleminge4@ucoz.com','(426) 4063532','6 Express Plaza','1957-10-14','2022-08-10 08:29:00'),(510,'Darrelle','Conklin','dconkline5@nba.com','(494) 6872843','1 Dixon Lane','1968-08-01','2023-11-14 05:26:00'),(511,'Solly','Giovannelli','sgiovannellie6@imdb.com','(516) 1581711','94 Linden Pass','1993-02-14','2023-06-13 10:12:00'),(512,'Lorain','Bouldon','lbouldone7@amazon.com','(149) 8894151','49 Annamark Parkway','2004-10-26','2023-01-01 05:19:00'),(513,'Claiborn','Gaudon','cgaudone8@github.io','(626) 9236966','08265 Melody Parkway','1963-09-24','2023-08-09 01:00:00'),(514,'Lana','Crotty','lcrottye9@furl.net','(489) 9845074','237 Summerview Lane','1933-02-16','2023-08-12 13:37:00'),(515,'Madelina','Burnes','mburnesea@godaddy.com','(504) 2327473','42 Golf Course Parkway','2000-09-28','2023-06-21 02:35:00'),(516,'Margy','Leverich','mlevericheb@reuters.com','(378) 4101446','04707 Morningstar Crossing','1927-06-22','2024-06-09 05:48:00'),(517,'Noll','Cousins','ncousinsec@examiner.com','(319) 4349977','21 Dexter Pass','1957-09-24','2023-04-25 06:42:00'),(518,'Bathsheba','Deering','bdeeringed@issuu.com','(986) 7390512','6 Lerdahl Court','1930-07-09','2023-10-06 10:54:00'),(519,'Halli','Stein','hsteinee@forbes.com','(453) 9296796','3861 Sloan Way','1943-10-04','2023-11-24 10:58:00'),(520,'Ave','Scrinage','ascrinageef@amazon.de','(546) 3608004','0273 Corben Parkway','1933-12-21','2022-09-23 14:37:00'),(521,'Caressa','MacAscaidh','cmacascaidheg@quantcast.com','(585) 1868057','043 Grover Circle','1946-08-22','2023-09-14 10:54:00'),(522,'Ellyn','Baxandall','ebaxandalleh@skype.com','(510) 2170076','62 Artisan Lane','1959-10-06','2024-02-19 12:20:00'),(523,'Bent','Barras','bbarrasei@jiathis.com','(367) 2836275','715 Anthes Parkway','1957-09-30','2023-08-27 08:53:00'),(524,'Danni','Mingus','dmingusej@google.co.jp','(418) 5933542','857 Nevada Street','1923-10-20','2023-10-16 01:11:00'),(525,'Bran','Zelner','bzelnerek@simplemachines.org','(344) 6553370','15 Talmadge Drive','1989-05-17','2024-04-02 00:06:00'),(526,'Elle','Sandercock','esandercockel@ca.gov','(532) 5590478','3729 Muir Road','1984-11-28','2023-08-08 21:50:00'),(527,'Blair','Penfold','bpenfoldem@creativecommons.org','(748) 1538476','5 Northridge Plaza','1978-06-16','2024-06-06 23:57:00'),(528,'Ezequiel','Busfield','ebusfielden@ow.ly','(936) 6374526','9 Rowland Trail','1977-05-31','2023-01-03 14:54:00'),(529,'Merola','Hallibone','mhalliboneeo@skype.com','(702) 2595869','15 Division Pass','1969-10-20','2023-01-16 10:07:00'),(530,'Christopher','Pendred','cpendredep@rakuten.co.jp','(682) 9824770','35 Ludington Terrace','1998-11-03','2023-08-18 22:15:00'),(531,'Jillian','Fahy','jfahyeq@usgs.gov','(505) 4573013','48409 Forest Dale Circle','2004-09-03','2023-08-26 01:16:00'),(532,'Holly','Mourant','hmouranter@telegraph.co.uk','(572) 4490241','46615 Moland Point','2017-02-15','2023-11-16 00:44:00'),(533,'Devin','Colebeck','dcolebeckes@1688.com','(319) 4612510','3889 Birchwood Parkway','2004-06-30','2023-09-05 14:52:00'),(534,'Penelope','MacAllaster','pmacallasteret@examiner.com','(579) 4969953','532 Kinsman Road','1991-11-25','2022-08-06 20:46:00'),(535,'Randene','McIlhatton','rmcilhattoneu@tmall.com','(186) 2439960','2 Sherman Place','1942-07-05','2023-01-15 05:53:00'),(536,'Friedrick','Abrahams','fabrahamsev@ustream.tv','(777) 2215812','02 Lakeland Parkway','1987-12-12','2024-05-06 11:31:00'),(537,'Ferrell','Robbeke','frobbekeew@blogs.com','(152) 7790455','99028 David Place','1951-08-01','2024-02-21 06:22:00'),(538,'Elisabeth','Cumo','ecumoex@phpbb.com','(841) 2664137','40590 Lighthouse Bay Way','1974-11-07','2023-10-22 13:23:00'),(539,'Rafaelita','Proppers','rproppersey@ucla.edu','(936) 3239844','53 Columbus Pass','2011-04-14','2024-04-01 16:58:00'),(540,'Antonetta','Santry','asantryez@utexas.edu','(277) 3542531','91914 Loomis Drive','1937-07-28','2023-10-11 12:57:00'),(541,'Marnia','Deeks','mdeeksf0@etsy.com','(279) 1619857','2565 Fuller Way','1954-06-11','2024-01-31 00:59:00'),(542,'Maddalena','Dowtry','mdowtryf1@g.co','(461) 5718924','20152 Hooker Crossing','1951-04-28','2023-02-06 07:14:00'),(543,'Ronny','Harce','rharcef2@shutterfly.com','(229) 4775577','727 Parkside Drive','2005-02-24','2024-01-11 21:01:00'),(544,'Mikey','Hallbird','mhallbirdf3@army.mil','(326) 2452284','317 Vernon Crossing','1934-08-13','2023-02-17 13:39:00'),(545,'Martainn','Veivers','mveiversf4@pinterest.com','(327) 6026067','11 Mandrake Street','1987-07-13','2023-11-03 07:47:00'),(546,'Florella','Daviot','fdaviotf5@amazon.de','(889) 6180169','5356 Hoepker Road','2005-08-09','2024-03-05 01:38:00'),(547,'Akim','Hearley','ahearleyf6@blinklist.com','(171) 4389411','5120 Bellgrove Court','2001-11-26','2024-04-14 05:28:00'),(548,'Sullivan','McPartling','smcpartlingf7@vk.com','(995) 8197355','408 Crest Line Street','2014-01-15','2023-08-07 06:02:00'),(549,'Reba','Hupe','rhupef8@yahoo.com','(411) 2922220','52504 Dunning Street','1981-05-04','2024-07-29 06:00:00'),(550,'Chet','Clayborn','cclaybornf9@marriott.com','(753) 1452797','448 Johnson Court','2022-03-17','2023-06-20 12:13:00'),(551,'Kattie','Hartland','khartlandfa@thetimes.co.uk','(687) 1556002','562 Algoma Park','1962-02-07','2024-04-15 20:28:00'),(552,'Keelia','Sprull','ksprullfb@theguardian.com','(623) 6073893','78284 Oneill Court','1969-01-05','2024-04-21 17:09:00'),(553,'Dorena','Saldler','dsaldlerfc@berkeley.edu','(606) 1486447','40 Eggendart Road','1986-07-28','2022-09-16 00:55:00'),(554,'Lorrie','Lippiello','llippiellofd@dyndns.org','(993) 1948508','56695 Lotheville Alley','1961-02-12','2023-03-09 12:27:00'),(555,'Bari','Marieton','bmarietonfe@slideshare.net','(190) 2049290','803 Cherokee Lane','1936-06-09','2023-05-14 22:29:00'),(556,'Jasun','Smallcomb','jsmallcombff@tinypic.com','(927) 7219236','4 Cottonwood Crossing','1976-08-01','2024-06-07 09:29:00'),(557,'Maddalena','Brunotti','mbrunottifg@ucoz.com','(220) 1596090','36146 Holy Cross Hill','1985-06-09','2024-03-03 21:00:00'),(558,'Wye','Marland','wmarlandfh@tamu.edu','(165) 8653498','6323 Duke Terrace','1996-01-07','2023-05-26 16:03:00'),(559,'Samuel','Bendin','sbendinfi@spotify.com','(350) 1327328','814 Washington Court','1935-03-02','2024-02-04 12:47:00'),(560,'Molli','Fennessy','mfennessyfj@xrea.com','(648) 8455488','6 Rieder Drive','2015-01-16','2022-12-24 15:49:00'),(561,'Hastings','Woodier','hwoodierfk@ocn.ne.jp','(942) 2590985','4773 Comanche Drive','1929-02-28','2024-01-26 12:27:00'),(562,'Benn','Rushford','brushfordfl@disqus.com','(223) 8082874','09740 Lunder Circle','1960-09-16','2024-04-06 21:58:00'),(563,'Alfi','Royall','aroyallfm@google.de','(298) 4457085','914 Raven Junction','1959-09-15','2023-04-05 22:21:00'),(564,'Addy','Rizzillo','arizzillofn@godaddy.com','(866) 7759413','5 Mallory Lane','1928-11-27','2024-07-12 00:15:00'),(565,'Antonia','Franchi','afranchifo@webmd.com','(856) 7167451','9 Esker Park','1934-11-23','2024-06-05 12:20:00'),(566,'Thatch','Errowe','terrowefp@artisteer.com','(874) 2328216','7460 Clyde Gallagher Place','1974-09-27','2022-12-10 21:26:00'),(567,'Dannye','Dimmer','ddimmerfq@php.net','(866) 8963867','43459 Nancy Plaza','1929-09-15','2024-05-27 19:09:00'),(568,'Mohandas','Jacquest','mjacquestfr@amazon.de','(313) 3933266','098 Macpherson Junction','2022-12-25','2024-02-03 13:56:00'),(569,'Correna','Snelling','csnellingfs@csmonitor.com','(967) 5430671','22038 Memorial Junction','2015-01-10','2023-04-04 23:07:00'),(570,'Barbey','Rawsthorn','brawsthornft@sciencedirect.com','(763) 6664945','83 David Pass','2004-07-12','2022-10-22 09:52:00'),(571,'Lezlie','Upward','lupwardfu@nasa.gov','(276) 6640991','765 Merchant Crossing','1931-11-23','2023-06-01 02:24:00'),(572,'Keary','Sauven','ksauvenfv@hao123.com','(993) 6449413','95685 American Crossing','1974-06-10','2023-02-12 00:22:00'),(573,'Eolande','Rockey','erockeyfw@cbsnews.com','(666) 7667456','62 Vermont Court','1946-12-30','2023-08-16 16:10:00'),(574,'Jay','Aherne','jahernefx@cisco.com','(273) 4429432','34722 Pond Plaza','1990-12-01','2024-02-19 13:10:00'),(575,'Meir','Bruno','mbrunofy@last.fm','(258) 5681158','73237 Hanson Crossing','1980-02-20','2022-08-06 04:06:00'),(576,'Hadlee','McGibbon','hmcgibbonfz@deliciousdays.com','(398) 7445580','3 Mitchell Hill','1951-01-27','2023-01-27 13:00:00'),(577,'Derrick','Hathway','dhathwayg0@uiuc.edu','(513) 8739262','94959 Lakeland Court','1962-08-30','2023-07-24 22:05:00'),(578,'Ragnar','Chipchase','rchipchaseg1@plala.or.jp','(560) 1601675','39582 Birchwood Alley','1949-06-10','2023-06-15 21:59:00'),(579,'Clayborn','Canning','ccanningg2@jalbum.net','(891) 9981295','3950 Holmberg Alley','2009-12-21','2023-04-20 01:00:00'),(580,'Goran','Felstead','gfelsteadg3@tinyurl.com','(823) 2616994','49 Dottie Place','1967-12-02','2023-08-12 09:14:00'),(581,'Sybille','Cromie','scromieg4@edublogs.org','(566) 3414982','65 Bunting Drive','1991-12-21','2023-05-13 05:10:00'),(582,'Tracee','Stert','tstertg5@technorati.com','(333) 3842922','25468 Bluestem Way','1963-01-12','2023-08-07 16:44:00'),(583,'Pembroke','Farrah','pfarrahg6@com.com','(304) 3685651','25562 Westend Avenue','2016-03-10','2023-05-10 22:42:00'),(584,'Stacee','Rix','srixg7@istockphoto.com','(759) 7891119','2682 Clove Point','1929-03-27','2024-01-25 01:07:00'),(585,'Brigitte','Winkle','bwinkleg8@nhs.uk','(257) 6102222','99 Fordem Junction','1978-11-06','2023-05-28 11:55:00'),(586,'Leicester','Montier','lmontierg9@europa.eu','(345) 3348981','5182 Commercial Road','1970-06-24','2023-12-10 22:31:00'),(587,'Alessandro','Gumbrell','agumbrellga@desdev.cn','(890) 6630722','4664 Farmco Plaza','1947-04-24','2024-06-12 06:55:00'),(588,'Bondon','Cuesta','bcuestagb@gravatar.com','(404) 7185424','85821 Judy Place','1962-02-09','2023-10-28 17:06:00'),(589,'Winn','Snoddin','wsnoddingc@technorati.com','(266) 4324439','1556 Michigan Way','1940-04-16','2023-07-17 03:08:00'),(590,'Michele','Czajkowski','mczajkowskigd@microsoft.com','(329) 7675025','3 Arkansas Point','1994-12-17','2023-10-15 00:34:00'),(591,'Doralia','Childes','dchildesge@netvibes.com','(924) 2253849','3595 Meadow Ridge Lane','1930-03-18','2022-10-27 07:59:00'),(592,'Franklyn','Waumsley','fwaumsleygf@mac.com','(858) 1097485','041 Weeping Birch Terrace','1990-10-05','2023-11-22 11:31:00'),(593,'Laurianne','Oriel','lorielgg@ihg.com','(134) 3023861','43563 Fairview Parkway','1952-11-29','2024-01-20 15:46:00'),(594,'Mattie','Savil','msavilgh@wikipedia.org','(689) 7315447','9 Sloan Place','1967-07-07','2022-10-21 20:08:00'),(595,'Harold','Ley','hleygi@taobao.com','(719) 5717433','4 Clarendon Junction','1969-06-25','2023-08-28 05:32:00'),(596,'Stevana','Soldi','ssoldigj@mit.edu','(577) 4176681','4495 Carberry Crossing','1938-08-22','2022-10-25 14:26:00'),(597,'Shauna','Ainscow','sainscowgk@tiny.cc','(290) 6493203','595 Harper Plaza','2018-01-15','2023-06-17 12:13:00'),(598,'Conrade','Hanhart','chanhartgl@ifeng.com','(295) 1447342','3 Starling Lane','1979-12-27','2023-08-27 14:48:00'),(599,'Lutero','Laguerre','llaguerregm@wisc.edu','(932) 5234286','3 Stuart Drive','2017-07-25','2024-07-11 21:16:00'),(600,'Berkley','Frewer','bfrewergn@sun.com','(166) 5794639','315 Reindahl Trail','1931-02-02','2022-11-21 11:11:00'),(601,'Rourke','Tertre','rtertrego@soup.io','(574) 1342766','32 Jana Way','1983-09-28','2023-10-07 17:05:00'),(602,'Lindon','De Freyne','ldefreynegp@auda.org.au','(599) 6318859','11766 North Way','1979-06-27','2023-06-25 14:59:00'),(603,'Aleda','Piwell','apiwellgq@boston.com','(828) 4934150','2801 Spaight Drive','1966-12-31','2022-09-04 14:26:00'),(604,'Olympia','Campsall','ocampsallgr@tmall.com','(737) 3103420','3926 Blue Bill Park Place','1948-05-29','2023-10-28 13:06:00'),(605,'Bartel','Walby','bwalbygs@blinklist.com','(714) 1183815','04799 Morning Way','2000-11-29','2022-12-06 01:14:00'),(606,'Charlot','Tennick','ctennickgt@goodreads.com','(772) 9474806','08 Sachs Junction','1998-06-13','2024-01-18 16:15:00'),(607,'Lombard','Grossman','lgrossmangu@accuweather.com','(668) 5690057','65977 Cody Point','1967-08-10','2023-03-04 05:28:00'),(608,'Cammy','Redan','credangv@linkedin.com','(778) 1557178','25 Donald Road','1995-08-07','2022-08-03 04:21:00'),(609,'Zenia','Yerrell','zyerrellgw@jimdo.com','(412) 9858897','3710 Butterfield Pass','1976-08-28','2023-04-05 04:52:00'),(610,'Anabella','Saunder','asaundergx@irs.gov','(101) 7112024','0 Valley Edge Plaza','1988-01-11','2023-10-26 23:22:00'),(611,'Tatiania','Milbourne','tmilbournegy@dion.ne.jp','(679) 2425634','0321 Hooker Point','1925-07-26','2022-09-14 00:07:00'),(612,'Kristy','Samter','ksamtergz@dell.com','(556) 9642097','6691 Nova Trail','1977-08-21','2023-03-29 18:25:00'),(613,'El','Robbs','erobbsh0@statcounter.com','(194) 7093450','2 Morrow Point','2019-02-23','2023-08-14 10:58:00'),(614,'Valentin','Blencowe','vblencoweh1@slideshare.net','(890) 1407460','83 Linden Way','2018-08-09','2023-11-05 21:43:00'),(615,'Kerri','Scandred','kscandredh2@mozilla.org','(925) 6898532','701 Saint Paul Hill','1960-07-23','2024-04-30 16:26:00'),(616,'Misha','Pauncefort','mpaunceforth3@aol.com','(166) 9356131','14024 Bowman Center','2013-06-03','2024-03-07 20:05:00'),(617,'Vaughan','Godman','vgodmanh4@hatena.ne.jp','(731) 1214101','3935 Elgar Crossing','2013-07-19','2023-10-18 16:44:00'),(618,'Cassie','Grigoriev','cgrigorievh5@shop-pro.jp','(445) 1695226','9637 Hallows Plaza','1983-01-22','2023-05-15 18:25:00'),(619,'Heath','O\'Sharkey','hosharkeyh6@diigo.com','(379) 9025635','47 Monterey Parkway','1946-10-08','2023-06-01 11:35:00'),(620,'Edeline','Weth','ewethh7@earthlink.net','(498) 9883298','52306 Village Court','2000-07-11','2022-11-26 08:55:00'),(621,'Butch','Allgood','ballgoodh8@blinklist.com','(892) 6273764','763 Independence Alley','1960-07-31','2023-08-14 16:30:00'),(622,'Lenci','Crawford','lcrawfordh9@webeden.co.uk','(702) 9476581','1974 Bunting Center','1948-12-13','2022-08-23 14:19:00'),(623,'Dario','McKag','dmckagha@freewebs.com','(788) 9881552','232 Quincy Terrace','1964-10-26','2023-03-09 23:25:00'),(624,'Mychal','Aldersey','malderseyhb@newyorker.com','(565) 7071410','0594 Hovde Park','1942-12-08','2023-06-17 06:47:00'),(625,'Anastassia','MacGarrity','amacgarrityhc@cornell.edu','(372) 4526772','583 Washington Street','2000-07-26','2024-07-11 23:51:00'),(626,'Gaylor','Bizzey','gbizzeyhd@altervista.org','(300) 1386050','1 Dennis Court','1999-11-27','2022-09-08 02:01:00'),(627,'Benton','Paty','bpatyhe@posterous.com','(440) 4606482','4 Pierstorff Lane','2020-08-07','2023-07-24 00:22:00'),(628,'Rafi','Potell','rpotellhf@si.edu','(341) 5526441','985 Saint Paul Way','1940-12-05','2023-09-21 23:17:00'),(629,'Suzie','Levine','slevinehg@webmd.com','(936) 8830725','95740 Texas Place','1945-09-22','2024-05-16 12:30:00'),(630,'Randal','Janecki','rjaneckihh@goo.gl','(687) 9412911','9 Delladonna Hill','2022-12-13','2023-06-28 10:30:00'),(631,'Orelia','Kimmerling','okimmerlinghi@senate.gov','(310) 4651534','04 Kim Place','1994-09-22','2023-08-29 02:28:00'),(632,'Cherie','Creak','ccreakhj@stanford.edu','(603) 6556060','462 Loeprich Junction','1936-03-19','2024-07-22 16:19:00'),(633,'Basilius','Hagstone','bhagstonehk@yahoo.co.jp','(656) 1748066','05 Annamark Crossing','1999-07-15','2024-03-11 10:26:00'),(634,'Jarad','Rubinowicz','jrubinowiczhl@nydailynews.com','(732) 3957204','8 Macpherson Road','1971-07-28','2023-12-09 13:00:00'),(635,'Ric','Massimo','rmassimohm@cyberchimps.com','(907) 5286795','72 Grasskamp Pass','1981-04-30','2022-09-26 16:19:00'),(636,'Giorgio','Hauxby','ghauxbyhn@hhs.gov','(954) 2846839','4295 Carioca Way','1981-05-18','2023-04-01 00:29:00'),(637,'Paxton','Pomeroy','ppomeroyho@chronoengine.com','(266) 5332919','9 Northland Court','1986-05-21','2023-08-26 04:46:00'),(638,'Phoebe','Carletto','pcarlettohp@sbwire.com','(622) 7498205','3744 Larry Parkway','1994-07-29','2022-11-07 19:24:00'),(639,'Alexia','Roman','aromanhq@digg.com','(462) 3498830','2393 Mayer Terrace','1989-06-08','2024-02-29 00:15:00'),(640,'Vere','Longhi','vlonghihr@homestead.com','(684) 9414816','7591 Anzinger Park','1952-12-23','2023-01-13 00:03:00'),(641,'Crystie','Milan','cmilanhs@skype.com','(954) 2080038','29 Northland Point','1966-06-05','2024-01-24 05:03:00'),(642,'Marinna','Cashman','mcashmanht@newyorker.com','(109) 8974331','66606 Nobel Place','1967-01-14','2022-11-06 13:59:00'),(643,'Kimberlyn','Behn','kbehnhu@ucla.edu','(199) 4736684','20 Shopko Road','1985-04-19','2023-06-24 15:09:00'),(644,'Kathrine','Hallatt','khallatthv@fema.gov','(801) 1148822','83014 Heath Drive','2015-05-18','2024-02-11 00:38:00'),(645,'Farr','Pruvost','fpruvosthw@businessinsider.com','(523) 6432015','5796 Anniversary Park','2007-07-16','2023-04-12 16:17:00'),(646,'Robbie','Tissell','rtissellhx@telegraph.co.uk','(772) 7830439','5662 Graedel Street','1966-04-21','2024-07-21 02:33:00'),(647,'Audrey','Ben','abenhy@symantec.com','(881) 6837410','72 Bartelt Parkway','1956-06-14','2024-04-04 01:27:00'),(648,'Penn','Smullen','psmullenhz@go.com','(244) 8778380','816 Monterey Lane','1923-09-08','2023-05-02 04:30:00'),(649,'Theobald','Frigout','tfrigouti0@woothemes.com','(346) 7990623','3 4th Terrace','1924-04-23','2024-02-20 09:37:00'),(650,'Ken','Echalier','kechalieri1@phpbb.com','(889) 5308857','913 Northland Street','2004-07-07','2024-02-23 06:55:00'),(651,'Hilary','Pybworth','hpybworthi2@ed.gov','(797) 7660535','7 Basil Court','2003-04-16','2022-08-07 03:13:00'),(652,'Nahum','Jermey','njermeyi3@kickstarter.com','(245) 9889927','20463 Rutledge Drive','1970-07-13','2024-05-16 03:12:00'),(653,'Reynold','Earsman','rearsmani4@wsj.com','(503) 1974057','76230 Schiller Lane','1999-10-07','2022-12-02 11:45:00'),(654,'Efrem','Lewer','eleweri5@nhs.uk','(680) 2464011','30553 Randy Way','1969-05-01','2024-02-19 11:00:00'),(655,'Giusto','Hargitt','ghargitti6@alibaba.com','(776) 4341143','7101 Texas Center','2006-04-10','2023-06-01 10:17:00'),(656,'Hurlee','Harcase','hharcasei7@amazon.com','(580) 7014407','437 Crowley Drive','2014-11-15','2023-02-13 14:23:00'),(657,'Durante','Britton','dbrittoni8@nba.com','(244) 8847784','4 Golf View Trail','1998-09-26','2023-06-02 03:07:00'),(658,'Prudy','Shevill','pshevilli9@elegantthemes.com','(704) 7586971','64 Jackson Alley','2016-04-06','2023-01-25 05:32:00'),(659,'Frank','Trorey','ftroreyia@go.com','(435) 1768116','66912 Anzinger Park','1948-04-09','2024-04-17 09:15:00'),(660,'Elyssa','Chanders','echandersib@clickbank.net','(240) 7054955','132 Trailsway Plaza','1947-03-12','2023-11-09 02:48:00'),(661,'Wilona','Axtell','waxtellic@state.gov','(739) 7620991','790 Johnson Crossing','1943-02-06','2023-12-22 11:33:00'),(662,'Vinni','Craik','vcraikid@soundcloud.com','(836) 9469017','229 Oakridge Hill','2002-04-07','2022-11-08 14:40:00'),(663,'Devan','Pettie','dpettieie@goo.gl','(820) 7066443','625 Del Mar Circle','1940-02-25','2023-04-25 10:49:00'),(664,'Nanon','Leyton','nleytonif@harvard.edu','(973) 3420078','3 Merrick Road','1959-02-07','2023-02-16 04:59:00'),(665,'Dov','Synke','dsynkeig@g.co','(210) 4850519','568 Farwell Crossing','2006-02-28','2024-05-24 05:52:00'),(666,'Cliff','Andersch','canderschih@nifty.com','(543) 8307167','6671 Buhler Street','1947-03-18','2023-06-12 09:34:00'),(667,'Dulcia','Limpkin','dlimpkinii@google.pl','(305) 2790000','3656 Washington Park','2016-08-28','2024-07-06 19:24:00'),(668,'Blaire','Winslade','bwinsladeij@archive.org','(614) 3234030','210 Anhalt Park','1979-05-10','2024-05-27 08:51:00'),(669,'Anabelle','Jirsa','ajirsaik@sphinn.com','(481) 5771777','96 Di Loreto Junction','1928-11-13','2024-02-18 09:49:00'),(670,'Chan','Corballis','ccorballisil@linkedin.com','(615) 8894157','1390 Birchwood Alley','1959-06-09','2023-01-19 21:53:00'),(671,'Rosemonde','Yuryaev','ryuryaevim@purevolume.com','(244) 2004986','86 Rutledge Parkway','1950-09-07','2023-08-29 20:55:00'),(672,'Goldi','Juniper','gjuniperin@comcast.net','(637) 7862869','639 Caliangt Park','1924-09-11','2023-06-30 14:16:00'),(673,'Janene','Gregan','jgreganio@icio.us','(443) 9780130','66238 Golf Course Avenue','1951-09-15','2022-11-25 00:40:00'),(674,'Hebert','Sisland','hsislandip@hubpages.com','(394) 1696163','879 Express Alley','1930-08-29','2024-04-20 21:38:00'),(675,'Dorita','Mariyushkin','dmariyushkiniq@wikispaces.com','(787) 4803051','46030 Browning Center','1995-03-20','2022-10-29 13:08:00'),(676,'Leanor','Shillabear','lshillabearir@reverbnation.com','(749) 8484507','45 Sage Center','1964-02-24','2024-03-03 01:33:00'),(677,'Eleonore','Gundry','egundryis@ca.gov','(440) 7844138','83646 Crescent Oaks Circle','1969-02-19','2023-12-06 16:00:00'),(678,'Georgena','Colebourne','gcolebourneit@google.com.au','(616) 5946974','0 Goodland Drive','1981-11-01','2022-08-27 01:20:00'),(679,'Garrett','Newsham','gnewshamiu@live.com','(739) 6265592','6 Marquette Crossing','1996-04-07','2023-08-27 06:31:00'),(680,'Rycca','Harbord','rharbordiv@about.com','(676) 7936227','70854 Northport Hill','1980-09-07','2024-05-15 14:15:00'),(681,'Sayre','Whitloe','swhitloeiw@eventbrite.com','(112) 2901268','15 Kingsford Center','1924-06-12','2023-07-13 10:02:00'),(682,'Hanan','Caramuscia','hcaramusciaix@ycombinator.com','(757) 4400658','2 Sutherland Way','1950-09-17','2023-06-28 15:48:00'),(683,'Jandy','Mackin','jmackiniy@fc2.com','(371) 2732747','906 Larry Center','1956-02-26','2023-12-21 07:23:00'),(684,'Jasmina','Jaksic','jjaksiciz@redcross.org','(768) 8142903','43 Tomscot Place','2024-03-19','2023-11-14 22:44:00'),(685,'Barry','Mullally','bmullallyj0@toplist.cz','(406) 9579946','97804 Trailsway Point','1943-10-01','2023-03-22 23:35:00'),(686,'Mellicent','Rissom','mrissomj1@techcrunch.com','(745) 3868872','84 Susan Alley','1971-05-17','2023-05-29 04:54:00'),(687,'Willey','Fensome','wfensomej2@sohu.com','(359) 4435283','3612 Twin Pines Way','1995-09-05','2024-02-11 14:32:00'),(688,'Elfrida','Collinwood','ecollinwoodj3@cbslocal.com','(371) 7988355','440 Spenser Street','1976-06-27','2022-12-16 22:32:00'),(689,'Ferdinanda','Kentwell','fkentwellj4@cornell.edu','(191) 1731764','0279 7th Drive','1965-09-17','2023-12-10 04:33:00'),(690,'Gerda','Westby','gwestbyj5@bigcartel.com','(421) 2307566','6 Arrowood Hill','1948-10-21','2023-06-12 00:19:00'),(691,'Kelley','Kulas','kkulasj6@thetimes.co.uk','(855) 6053025','69407 Bultman Road','1991-04-09','2023-06-18 10:46:00'),(692,'Reggi','Chantrell','rchantrellj7@51.la','(474) 1133644','8576 Walton Crossing','1982-11-07','2024-02-10 12:55:00'),(693,'Katey','Conybear','kconybearj8@google.fr','(895) 9181176','37 Sutteridge Crossing','1989-06-21','2024-02-06 17:53:00'),(694,'Dorian','Petasch','dpetaschj9@hatena.ne.jp','(813) 8304115','9241 Swallow Point','1970-12-15','2022-12-06 07:51:00'),(695,'Alyda','Thombleson','athomblesonja@123-reg.co.uk','(736) 7543497','05 Warbler Crossing','2010-04-11','2023-04-30 05:10:00'),(696,'Romy','Tinwell','rtinwelljb@is.gd','(191) 2624575','19997 Fair Oaks Trail','1937-01-17','2024-01-31 03:16:00'),(697,'Karilynn','Brownsill','kbrownsilljc@nytimes.com','(404) 7718243','5170 Coleman Road','1983-06-19','2023-01-16 15:30:00'),(698,'Giacinta','Wayvill','gwayvilljd@sun.com','(263) 7871228','636 Lunder Crossing','2015-10-28','2022-11-10 18:10:00'),(699,'Dori','Estcourt','destcourtje@free.fr','(764) 4573414','2886 4th Circle','2021-06-28','2023-05-14 10:24:00'),(700,'Kennan','Demke','kdemkejf@kickstarter.com','(523) 5399834','412 Weeping Birch Pass','1928-06-11','2023-07-13 14:23:00'),(701,'Brianne','Maes','bmaesjg@youtu.be','(808) 9673507','73160 Eggendart Trail','1993-10-09','2023-07-05 08:47:00'),(702,'Stanleigh','Champion','schampionjh@1und1.de','(552) 8230128','2179 Sunbrook Junction','2016-09-10','2023-10-10 20:30:00'),(703,'Hamish','Milch','hmilchji@bravesites.com','(421) 2573885','697 Mifflin Drive','2022-11-17','2022-12-15 11:29:00'),(704,'Milka','Ruskin','mruskinjj@live.com','(555) 6057180','7 American Ash Parkway','1971-09-09','2024-06-05 15:10:00'),(705,'Rosamund','Rooke','rrookejk@businessinsider.com','(977) 7225610','52 Kropf Road','2006-06-13','2024-06-27 22:41:00'),(706,'Gun','Ormrod','gormrodjl@people.com.cn','(883) 6243029','80 Kinsman Plaza','1965-12-25','2023-11-28 18:04:00'),(707,'Melina','Killik','mkillikjm@china.com.cn','(650) 1092300','23090 Warrior Lane','1931-05-05','2024-07-01 00:15:00'),(708,'Dalston','Padwick','dpadwickjn@google.de','(499) 8879303','6397 Buhler Alley','1996-06-03','2023-03-24 10:16:00'),(709,'Pepita','Onele','ponelejo@sakura.ne.jp','(704) 7948196','4 Di Loreto Park','1986-01-06','2023-09-14 23:49:00'),(710,'Ellen','Rosser','erosserjp@mapquest.com','(735) 3272797','48676 Killdeer Junction','1993-07-07','2024-02-08 01:58:00'),(711,'Garey','Foulgham','gfoulghamjq@msu.edu','(251) 4811297','82181 Merry Pass','1959-07-18','2023-12-29 18:03:00'),(712,'Bernardo','Levins','blevinsjr@google.nl','(964) 1885696','62 Northport Crossing','1998-11-26','2023-08-08 19:51:00'),(713,'Kile','Wewell','kwewelljs@nasa.gov','(690) 5840692','49017 Gateway Pass','1943-01-18','2023-03-02 04:02:00'),(714,'Vinnie','Pottie','vpottiejt@vkontakte.ru','(828) 2181892','66632 Village Avenue','1996-11-08','2023-08-06 12:56:00'),(715,'Franky','Targett','ftargettju@ca.gov','(750) 3383505','204 Norway Maple Parkway','1960-12-19','2022-12-05 02:26:00'),(716,'Julius','Plait','jplaitjv@cdbaby.com','(867) 6257726','36180 Butterfield Plaza','1982-12-05','2024-01-05 16:37:00'),(717,'Kalina','Penhale','kpenhalejw@indiatimes.com','(203) 7829494','076 Memorial Plaza','1976-12-17','2023-05-29 18:27:00'),(718,'Kat','Course','kcoursejx@microsoft.com','(161) 4466177','2755 Cherokee Parkway','2018-06-22','2024-01-06 19:48:00'),(719,'Tony','Bool','tbooljy@gizmodo.com','(412) 4553773','260 Hanover Park','1931-07-04','2024-02-22 01:41:00'),(720,'Owen','Winnard','owinnardjz@xrea.com','(377) 9650762','48 Brickson Park Drive','2014-02-13','2022-10-22 08:23:00'),(721,'Wynny','Gamble','wgamblek0@adobe.com','(697) 3214689','96 Prentice Park','1987-11-29','2022-09-26 16:41:00'),(722,'Steve','Greneham','sgrenehamk1@e-recht24.de','(991) 6446170','9821 Tennessee Place','2013-11-22','2023-06-25 22:54:00'),(723,'Mathew','Churchman','mchurchmank2@topsy.com','(124) 5256450','9 Toban Way','1931-12-26','2022-08-30 11:55:00'),(724,'Wildon','Gras','wgrask3@yandex.ru','(224) 8983243','0 Nancy Circle','1984-05-08','2023-04-04 01:50:00'),(725,'Alejoa','D\'Agostini','adagostinik4@nifty.com','(746) 6474615','4 Packers Lane','1945-06-11','2023-03-17 11:33:00'),(726,'Lennard','Springham','lspringhamk5@posterous.com','(600) 3112396','1019 Brickson Park Junction','1990-05-10','2024-02-03 20:02:00'),(727,'Lianna','Beelby','lbeelbyk6@biblegateway.com','(874) 3698620','81667 Washington Road','1953-06-21','2023-02-25 15:09:00'),(728,'Roze','Goldine','rgoldinek7@marriott.com','(177) 5309548','5811 Northview Street','1981-04-14','2024-03-07 01:31:00'),(729,'Jobey','Reimers','jreimersk8@scribd.com','(230) 5554483','41882 Old Shore Place','2019-04-24','2024-01-16 14:21:00'),(730,'Timmie','Huggan','thuggank9@seattletimes.com','(670) 3042546','7 Anthes Parkway','1997-05-22','2023-05-27 09:47:00'),(731,'Jeanelle','Bernhardsson','jbernhardssonka@gov.uk','(429) 9440194','908 Bayside Lane','1988-05-08','2023-12-26 22:39:00'),(732,'Barrie','Vosper','bvosperkb@sogou.com','(494) 5455194','167 Everett Center','1996-09-18','2022-09-29 07:49:00'),(733,'Jeannine','Cranna','jcrannakc@sciencedirect.com','(754) 8084699','85130 Iowa Way','1996-10-24','2023-02-01 20:23:00'),(734,'Leslie','Di Nisco','ldiniscokd@yellowbook.com','(861) 9085152','1 Atwood Lane','2003-09-06','2023-01-02 15:09:00'),(735,'Lynett','McClay','lmcclayke@usgs.gov','(894) 9168782','632 5th Hill','1942-01-08','2023-09-19 11:37:00'),(736,'Dorella','Dolby','ddolbykf@gizmodo.com','(508) 8776552','1748 Killdeer Avenue','1995-07-06','2023-01-13 18:34:00'),(737,'Fulvia','Catteroll','fcatterollkg@last.fm','(595) 5819496','9877 Mcguire Pass','2005-09-13','2024-02-04 03:34:00'),(738,'Marsha','Garland','mgarlandkh@google.ca','(368) 9997410','3 Sommers Circle','1996-04-11','2022-09-29 09:23:00'),(739,'Kenny','Ible','kibleki@smh.com.au','(646) 7627771','21830 Prairieview Place','1983-03-07','2022-12-12 10:10:00'),(740,'Shirlene','Senton','ssentonkj@bravesites.com','(995) 6418947','5578 Lakewood Road','1967-07-27','2024-05-17 10:36:00'),(741,'Ky','Miche','kmichekk@squarespace.com','(524) 1594026','5 Declaration Drive','1993-05-20','2023-09-16 17:26:00'),(742,'Lura','Speare','lspearekl@ebay.co.uk','(978) 1990755','58 Blaine Hill','1978-03-12','2024-05-13 18:03:00'),(743,'Reuven','Avison','ravisonkm@whitehouse.gov','(890) 9013104','5440 Karstens Lane','1965-09-05','2024-03-20 22:36:00'),(744,'Dian','Giovani','dgiovanikn@skype.com','(748) 9302877','4931 Sachtjen Court','1978-09-27','2023-05-25 13:00:00'),(745,'Wait','Sired','wsiredko@prlog.org','(882) 8443606','1 Elka Terrace','1928-09-24','2023-01-13 15:14:00'),(746,'Guthrey','Asch','gaschkp@wufoo.com','(490) 1558567','1244 Manufacturers Road','1930-08-28','2023-06-05 04:18:00'),(747,'Lanita','Tuminelli','ltuminellikq@ihg.com','(826) 5844340','3 Anzinger Street','1944-01-05','2023-03-19 16:00:00'),(748,'Amalle','Vigours','avigourskr@loc.gov','(943) 5994630','33 Summer Ridge Street','1941-01-18','2023-03-25 22:30:00'),(749,'Ermengarde','Irving','eirvingks@ed.gov','(397) 1355166','5 Loomis Crossing','1990-04-14','2022-12-09 23:29:00'),(750,'Melisenda','Hiscocks','mhiscockskt@earthlink.net','(383) 2626338','1109 Park Meadow Trail','1978-06-29','2023-01-28 20:41:00'),(751,'Keefer','Bortoluzzi','kbortoluzziku@globo.com','(206) 5526501','9950 Buell Place','1976-04-04','2023-06-16 08:13:00'),(752,'Carlina','Polfer','cpolferkv@github.com','(140) 6766012','268 Kensington Lane','1960-07-02','2024-03-17 12:28:00'),(753,'Gilda','Cozzi','gcozzikw@tamu.edu','(736) 9651196','9506 Forster Center','1929-11-27','2023-11-02 00:18:00'),(754,'Babb','Dignam','bdignamkx@scientificamerican.com','(321) 6493547','473 Burning Wood Terrace','1987-01-13','2023-02-21 12:05:00'),(755,'Adriena','McCay','amccayky@bravesites.com','(139) 1836691','00 Hooker Terrace','1981-02-14','2024-03-26 07:51:00'),(756,'Jacquelin','Huddy','jhuddykz@mozilla.org','(835) 4772143','28 Northwestern Lane','1991-11-18','2023-02-18 14:50:00'),(757,'Bartram','Sockell','bsockelll0@amazon.co.jp','(108) 7491094','66896 Washington Parkway','1941-11-30','2023-01-24 11:21:00'),(758,'Issiah','Watson-Brown','iwatsonbrownl1@economist.com','(597) 1355177','70154 Park Meadow Park','2018-08-23','2023-08-26 10:41:00'),(759,'Erinn','Bhatia','ebhatial2@meetup.com','(541) 9310827','1 Shelley Trail','1983-10-13','2023-10-06 02:34:00'),(760,'Putnam','Macklam','pmacklaml3@themeforest.net','(164) 4229334','36 Meadow Vale Avenue','1997-02-22','2023-12-26 04:44:00'),(761,'Hoebart','Dirand','hdirandl4@toplist.cz','(603) 4641734','5382 Thompson Drive','1966-12-07','2024-01-15 04:33:00'),(762,'Nessi','Acuna','nacunal5@microsoft.com','(471) 6770951','8441 Debs Court','2004-04-24','2023-03-01 09:25:00'),(763,'Vergil','Kryska','vkryskal6@about.me','(169) 1078711','86072 Raven Place','1958-08-27','2023-03-08 16:02:00'),(764,'Anatole','Jedrysik','ajedrysikl7@buzzfeed.com','(106) 3556784','4455 Randy Point','1960-09-18','2023-03-26 14:47:00'),(765,'Caron','Kohnen','ckohnenl8@ft.com','(683) 7553351','4 Scott Crossing','2011-04-30','2023-04-05 19:59:00'),(766,'Veda','Britian','vbritianl9@bloomberg.com','(629) 3611688','98 Fairview Street','1995-03-19','2023-09-22 16:38:00'),(767,'Ossie','Tilliards','otilliardsla@bandcamp.com','(133) 9870452','435 Emmet Avenue','2004-03-31','2023-05-19 08:22:00'),(768,'Stanleigh','Trahearn','strahearnlb@yandex.ru','(447) 6188709','571 Chive Drive','2002-05-01','2024-04-09 13:10:00'),(769,'Gussy','End','gendlc@infoseek.co.jp','(153) 1208125','96455 Pond Avenue','2006-05-06','2024-05-28 16:30:00'),(770,'Nicholle','Keetley','nkeetleyld@twitpic.com','(532) 7466298','189 Messerschmidt Court','1985-11-06','2024-01-12 22:54:00'),(771,'Terry','Surr','tsurrle@shop-pro.jp','(263) 1706757','8022 Anthes Parkway','1944-09-15','2024-07-14 16:15:00'),(772,'Prue','Zanetti','pzanettilf@google.com.br','(965) 7095686','3714 Dapin Plaza','1951-09-22','2024-07-25 08:37:00'),(773,'Faydra','Durnford','fdurnfordlg@imdb.com','(915) 3823544','99 Donald Parkway','1932-09-18','2023-10-07 15:02:00'),(774,'Roscoe','Wellfare','rwellfarelh@epa.gov','(914) 4590515','3 Hovde Point','2015-09-30','2024-07-15 15:42:00'),(775,'Dorri','Clive','dcliveli@bravesites.com','(466) 6520105','7225 Schurz Terrace','1953-12-29','2023-10-04 01:25:00'),(776,'Manon','von Grollmann','mvongrollmannlj@acquirethisname.com','(188) 7102164','118 Cordelia Plaza','1925-12-06','2024-06-22 01:06:00'),(777,'Margarethe','Deguara','mdeguaralk@blinklist.com','(618) 7762167','6 Hanson Point','1969-10-22','2024-04-18 07:37:00'),(778,'Mollee','Tiron','mtironll@weebly.com','(232) 5603084','87450 Colorado Alley','1947-07-23','2022-11-15 03:51:00'),(779,'Cull','Stowgill','cstowgilllm@cnbc.com','(801) 2179747','38 American Plaza','1971-05-02','2023-01-30 13:54:00'),(780,'Sabra','Gwillim','sgwillimln@nyu.edu','(941) 2496574','43661 Thompson Park','1934-06-19','2022-12-06 07:58:00'),(781,'Kinny','Seeger','kseegerlo@google.com','(269) 6579482','04942 Orin Junction','1972-09-26','2024-01-07 20:54:00'),(782,'Genevieve','Unger','gungerlp@bloglovin.com','(716) 7975822','202 6th Way','2010-05-29','2023-04-05 20:08:00'),(783,'Khalil','Gowman','kgowmanlq@fastcompany.com','(924) 5393272','5 Pine View Street','1923-11-27','2024-04-03 03:56:00'),(784,'Korie','Topes','ktopeslr@blogs.com','(784) 2212666','861 Melody Road','1925-08-07','2023-07-09 00:27:00'),(785,'Shay','Beggi','sbeggils@reddit.com','(709) 4334532','47 Kenwood Court','1948-09-29','2023-07-18 22:06:00'),(786,'Shelli','Tallent','stallentlt@oakley.com','(188) 4044276','39360 Maple Pass','1968-04-23','2023-08-03 02:33:00'),(787,'Allyn','Slide','aslidelu@stumbleupon.com','(114) 6665754','28 Porter Court','1972-02-15','2023-07-08 20:51:00'),(788,'Ernest','Chestle','echestlelv@dion.ne.jp','(278) 8432442','5 Graedel Point','1923-11-17','2023-05-15 11:12:00'),(789,'Christoph','Joseff','cjosefflw@lycos.com','(452) 6334403','9 Rowland Plaza','1958-02-10','2024-07-13 03:52:00'),(790,'Tabby','Wedgbrow','twedgbrowlx@scribd.com','(361) 2212667','99032 Fordem Point','2000-03-15','2023-09-10 00:09:00'),(791,'Benny','Breazeall','bbreazeallly@nps.gov','(571) 3389891','39021 Cordelia Plaza','1924-05-28','2023-09-03 05:17:00'),(792,'Cob','Sicha','csichalz@google.cn','(955) 2046037','49 Coolidge Circle','1960-06-19','2023-12-27 13:55:00'),(793,'Klemens','Cazereau','kcazereaum0@walmart.com','(213) 4072351','8 Derek Drive','2000-10-19','2022-10-15 04:37:00'),(794,'Francoise','Seaton','fseatonm1@themeforest.net','(803) 4627662','10014 Gale Place','1939-11-29','2023-05-10 15:09:00'),(795,'Dyan','Worsnip','dworsnipm2@a8.net','(494) 7691328','9614 Thackeray Pass','2022-05-06','2022-09-20 05:51:00'),(796,'Cass','Frame','cframem3@google.de','(626) 5799624','452 Oriole Pass','1929-09-22','2023-04-30 11:30:00'),(797,'Delphine','MacGeffen','dmacgeffenm4@gravatar.com','(706) 4360047','1 Marcy Trail','1931-07-26','2024-02-12 13:49:00'),(798,'Ruprecht','Boullin','rboullinm5@goo.gl','(567) 3850595','827 Clove Center','1950-01-06','2024-03-31 18:41:00'),(799,'Lillis','Pettie','lpettiem6@topsy.com','(526) 1522221','3813 Sauthoff Alley','2006-11-28','2023-11-30 02:38:00'),(800,'Evangelia','Puden','epudenm7@yahoo.com','(907) 7725049','65 Morningstar Trail','2008-06-28','2024-06-11 08:49:00'),(801,'Seymour','Peaker','speakerm8@pcworld.com','(196) 4660210','93 Bonner Street','2012-08-02','2023-10-10 14:50:00'),(802,'Hertha','De Domenici','hdedomenicim9@yahoo.com','(708) 8977107','35 Anhalt Court','1969-11-23','2022-11-12 20:57:00'),(803,'Layla','Knewstub','lknewstubma@mozilla.org','(384) 2148226','86358 Sherman Lane','1927-03-03','2023-04-20 07:38:00'),(804,'Karlotta','Heister','kheistermb@jimdo.com','(578) 2756280','95 Annamark Circle','1961-03-31','2023-04-27 18:12:00'),(805,'Lyda','Andren','landrenmc@nifty.com','(545) 2447400','6 Forest Run Avenue','1939-01-26','2024-06-11 05:37:00'),(806,'Jordain','Essberger','jessbergermd@kickstarter.com','(604) 7188085','09 Manitowish Circle','2017-10-14','2023-10-04 08:17:00'),(807,'Terry','Wybern','twybernme@cocolog-nifty.com','(579) 4517963','0 Twin Pines Hill','1946-11-21','2023-10-16 08:42:00'),(808,'Jennica','Chansonne','jchansonnemf@theglobeandmail.com','(320) 6148470','4 Marcy Street','2017-05-19','2023-02-21 03:08:00'),(809,'Dolf','Pundy','dpundymg@census.gov','(159) 6814854','78 Harper Trail','1995-05-05','2024-01-06 23:26:00'),(810,'Peadar','Sword','pswordmh@va.gov','(336) 2281703','1516 Hooker Place','2009-06-08','2023-02-16 13:45:00'),(811,'Essie','McNabb','emcnabbmi@blogspot.com','(779) 4138661','43816 Lerdahl Alley','1967-06-10','2024-05-01 01:52:00'),(812,'Hubert','Decort','hdecortmj@hao123.com','(973) 5867282','49 Northview Plaza','1984-08-19','2024-05-26 09:20:00'),(813,'Thadeus','Barkshire','tbarkshiremk@artisteer.com','(788) 4689320','79804 Spohn Plaza','2005-06-12','2023-06-08 16:55:00'),(814,'Teriann','Swyndley','tswyndleyml@stanford.edu','(175) 9196186','64 Arizona Park','1989-08-25','2024-01-02 01:37:00'),(815,'Darrick','Saxby','dsaxbymm@t-online.de','(541) 5594456','0243 Melby Street','2014-11-11','2023-11-08 09:30:00'),(816,'Neilla','McAster','nmcastermn@google.co.uk','(298) 2870007','90 Stuart Way','1954-03-04','2022-08-26 16:33:00'),(817,'Vladamir','Boch','vbochmo@ehow.com','(796) 2737358','7642 Grim Trail','2014-05-02','2022-12-16 21:25:00'),(818,'Lovell','Ingleby','linglebymp@yahoo.com','(725) 4846005','284 Manitowish Street','1990-12-09','2024-03-04 19:42:00'),(819,'Leontyne','Gasquoine','lgasquoinemq@qq.com','(424) 1090457','9 Kropf Alley','1993-05-15','2024-05-15 05:59:00'),(820,'Pammy','Crosetti','pcrosettimr@vk.com','(268) 9640894','6576 Ridge Oak Trail','2010-08-20','2024-03-06 16:00:00'),(821,'Vincents','Miranda','vmirandams@newsvine.com','(672) 4791325','983 Arapahoe Junction','1953-05-17','2023-07-07 07:36:00'),(822,'Jaime','Liffey','jliffeymt@deliciousdays.com','(800) 3292432','22 East Parkway','1977-12-30','2023-06-16 07:30:00'),(823,'Crosby','Goodbarr','cgoodbarrmu@creativecommons.org','(446) 1110500','12 Buhler Lane','2022-08-14','2022-08-18 02:33:00'),(824,'Imojean','Martel','imartelmv@yelp.com','(123) 8772020','70 Lerdahl Crossing','1981-11-05','2023-04-27 19:02:00'),(825,'Robin','Southon','rsouthonmw@friendfeed.com','(245) 7700966','7 Nelson Hill','2000-09-15','2023-04-07 22:48:00'),(826,'Malachi','Sporle','msporlemx@hibu.com','(814) 8498129','82667 Merry Street','1991-07-24','2023-11-26 10:02:00'),(827,'Bernette','Radband','bradbandmy@nytimes.com','(645) 9394953','5 Sachs Point','1930-07-27','2023-03-12 21:44:00'),(828,'Jo','Dimitresco','jdimitrescomz@webmd.com','(247) 9808477','6592 Lake View Lane','1932-10-04','2024-05-12 08:56:00'),(829,'Alexia','Tew','atewn0@wiley.com','(134) 6409956','366 Hintze Junction','1966-08-14','2024-02-12 18:11:00'),(830,'Sancho','Cankett','scankettn1@deviantart.com','(302) 4669845','03039 Merchant Park','1983-04-15','2022-10-04 07:08:00'),(831,'Mariette','McTeer','mmcteern2@home.pl','(685) 4986194','612 Magdeline Street','1942-08-06','2024-07-22 05:18:00'),(832,'Brice','Oppery','bopperyn3@reverbnation.com','(944) 5589320','150 Holmberg Parkway','1999-11-20','2023-07-07 01:54:00'),(833,'Gibby','Burbridge','gburbridgen4@e-recht24.de','(540) 6252380','7707 6th Pass','1948-04-05','2023-06-30 10:41:00'),(834,'Genny','Cosgrove','gcosgroven5@lulu.com','(313) 6985748','488 Graedel Street','1927-03-11','2023-02-02 15:55:00'),(835,'Darin','Staddon','dstaddonn6@japanpost.jp','(113) 7426877','9 Lakewood Gardens Alley','2010-02-26','2022-12-12 20:18:00'),(836,'Sela','Ketteridge','sketteridgen7@freewebs.com','(699) 5331045','6907 Pawling Drive','1980-06-25','2024-05-14 19:35:00'),(837,'Brien','Everley','beverleyn8@squidoo.com','(532) 9784162','04200 Harper Lane','1998-01-16','2024-01-30 17:40:00'),(838,'Dominique','Silver','dsilvern9@amazon.co.jp','(916) 3567731','81302 Cody Parkway','1963-07-16','2023-03-14 22:00:00'),(839,'Shanda','Phillipps','sphillippsna@acquirethisname.com','(232) 6637177','87728 Ridge Oak Road','1989-07-15','2022-08-09 19:27:00'),(840,'Lindsay','Lucius','lluciusnb@craigslist.org','(318) 6959425','8805 Randy Circle','1946-04-01','2022-10-09 23:46:00'),(841,'Glad','Atteridge','gatteridgenc@list-manage.com','(157) 9325474','3 Superior Place','1952-12-09','2023-10-11 20:05:00'),(842,'Angelica','Heggman','aheggmannd@edublogs.org','(741) 2442110','65652 Grover Place','1932-10-07','2023-08-18 16:16:00'),(843,'Ennis','Yurkin','eyurkinne@psu.edu','(326) 3731773','09 Duke Point','1978-02-07','2023-11-14 20:20:00'),(844,'Andee','Blooman','abloomannf@nifty.com','(273) 6755100','76047 Stuart Circle','2014-01-16','2023-10-05 19:41:00'),(845,'Michele','Colombier','mcolombierng@zimbio.com','(444) 9448532','23 Gale Pass','2023-11-03','2023-11-15 13:49:00'),(846,'Hertha','Ales0','halesnh@merriam-webster.com','(720) 2093898','4596 Chive Court','2006-09-19','2023-01-18 13:20:00'),(847,'Porter','Kirkpatrick','pkirkpatrickni@blog.com','(958) 1214878','5 Hanson Road','1942-03-15','2023-12-19 06:48:00'),(848,'Orazio','Wiggam','owiggamnj@domainmarket.com','(287) 7408350','119 Straubel Plaza','2001-07-20','2022-08-01 13:44:00'),(849,'Marcela','Newvill','mnewvillnk@over-blog.com','(469) 5178155','80 Green Ridge Trail','1985-12-04','2022-12-21 05:19:00'),(850,'Donovan','Hannaby','dhannabynl@sphinn.com','(482) 5011671','332 Rowland Street','1952-12-23','2024-04-25 03:53:00'),(851,'Rick','Pratty','rprattynm@uiuc.edu','(683) 4427437','22946 Moose Terrace','2005-10-15','2022-08-09 13:43:00'),(852,'Cristiano','Lerego','cleregonn@addtoany.com','(444) 4003231','7828 Forest Dale Junction','1924-12-04','2022-11-01 00:33:00'),(853,'Robena','Mackinder','rmackinderno@fda.gov','(190) 8178279','02347 Arrowood Hill','1939-05-20','2023-05-01 21:20:00'),(854,'Martyn','Rumble','mrumblenp@nba.com','(627) 1195887','91 Westerfield Drive','1933-01-11','2022-12-03 22:51:00'),(855,'Timoteo','Hargraves','thargravesnq@netscape.com','(796) 4984523','16883 Cambridge Way','1998-03-22','2023-05-10 11:59:00'),(856,'Dora','Winney','dwinneynr@msu.edu','(171) 3293144','45013 Calypso Street','1936-11-23','2024-07-16 16:24:00'),(857,'Moss','Fetters','mfettersns@bloglines.com','(173) 2613783','1 Rockefeller Place','1991-10-29','2023-08-03 10:21:00'),(858,'Maure','Nadin','mnadinnt@ow.ly','(554) 8504997','88806 Grasskamp Street','1923-12-04','2023-09-05 04:00:00'),(859,'Catarina','Muncaster','cmuncasternu@cocolog-nifty.com','(484) 6285300','41 Crescent Oaks Plaza','1933-05-11','2023-08-30 09:00:00'),(860,'Rheta','Overstone','roverstonenv@wikispaces.com','(173) 3244761','584 Marcy Crossing','1946-08-17','2023-07-23 18:19:00'),(861,'Tanney','Clancy','tclancynw@netscape.com','(281) 6916659','566 Dovetail Point','1924-01-16','2023-03-21 19:29:00'),(862,'Quinlan','Winterscale','qwinterscalenx@hp.com','(653) 4187110','105 Dayton Avenue','1947-11-18','2022-08-17 10:09:00'),(863,'Sunny','Boniface','sbonifaceny@google.co.jp','(656) 5577950','5748 Alpine Alley','1931-12-15','2022-08-13 21:25:00'),(864,'Devinne','Fearnehough','dfearnehoughnz@rambler.ru','(714) 2880564','0 Warrior Avenue','1962-10-29','2023-11-03 08:05:00'),(865,'Blondell','Cowndley','bcowndleyo0@spotify.com','(911) 9819023','6548 Comanche Place','1990-11-24','2023-03-31 05:55:00'),(866,'Phebe','Bambery','pbamberyo1@indiegogo.com','(289) 3263484','1081 Loomis Street','1966-04-24','2023-06-30 08:42:00'),(867,'Vite','Grimwood','vgrimwoodo2@clickbank.net','(863) 5519934','78 Buhler Junction','1954-11-18','2022-10-06 21:52:00'),(868,'Pat','Mathivet','pmathiveto3@bravesites.com','(695) 6401514','256 Comanche Crossing','1937-04-18','2023-03-19 16:09:00'),(869,'Worthington','Owbridge','wowbridgeo4@globo.com','(770) 4046147','23 Schlimgen Way','1960-02-18','2023-09-17 17:12:00'),(870,'Wilhelmina','Jachimiak','wjachimiako5@cisco.com','(553) 3692753','32 Calypso Trail','1996-04-19','2023-03-26 09:38:00'),(871,'Kala','Rosbrough','krosbrougho6@msu.edu','(670) 1730816','48033 Farwell Crossing','1924-03-06','2024-07-03 06:10:00'),(872,'Pall','Westwood','pwestwoodo7@mlb.com','(266) 9099213','246 Schlimgen Avenue','1985-03-25','2023-01-28 02:23:00'),(873,'Alisa','Paliser','apalisero8@nbcnews.com','(428) 9292621','72552 Chive Pass','1984-11-05','2023-08-04 02:51:00'),(874,'Claudine','Weatherby','cweatherbyo9@nifty.com','(376) 4509388','0 Porter Plaza','1988-07-29','2022-08-20 17:18:00'),(875,'Lavina','Prozescky','lprozesckyoa@soundcloud.com','(966) 8900949','84 Thierer Parkway','1950-09-30','2024-03-21 20:54:00'),(876,'Rosamund','Lerven','rlervenob@studiopress.com','(350) 9231604','6968 Victoria Crossing','1989-07-29','2023-11-29 00:08:00'),(877,'Stanislas','Tetley','stetleyoc@rediff.com','(852) 5293001','6641 Transport Crossing','1932-01-02','2024-07-12 01:11:00'),(878,'Frederick','Gajownik','fgajownikod@vkontakte.ru','(608) 2124768','3386 Meadow Ridge Center','1980-07-05','2023-11-29 21:29:00'),(879,'Ranna','Lemm','rlemmoe@cafepress.com','(366) 8106423','98 Veith Avenue','2014-10-06','2023-04-08 01:14:00'),(880,'Andrea','Sandcraft','asandcraftof@last.fm','(612) 9388679','76 Springview Park','1928-05-24','2024-03-23 11:36:00'),(881,'Emlyn','Capehorn','ecapehornog@ameblo.jp','(662) 9342412','42 Gateway Center','2007-03-16','2023-08-27 20:02:00'),(882,'Erik','Stonebanks','estonebanksoh@indiegogo.com','(509) 7642391','04 Cambridge Crossing','1993-01-29','2022-12-02 19:11:00'),(883,'Linus','Chang','lchangoi@soup.io','(875) 2067351','29181 Kedzie Terrace','1939-07-07','2023-07-03 16:24:00'),(884,'Catharina','Rattrie','crattrieoj@prnewswire.com','(706) 6421273','15 Armistice Trail','1980-11-19','2024-05-14 06:18:00'),(885,'Millicent','Reilingen','mreilingenok@printfriendly.com','(235) 8098698','3484 Stone Corner Circle','1929-12-27','2023-04-27 15:37:00'),(886,'Berta','Richfield','brichfieldol@cpanel.net','(186) 2358119','3 Packers Plaza','1930-03-05','2023-01-24 20:07:00'),(887,'Dione','Ethridge','dethridgeom@nymag.com','(977) 3865438','75 Loftsgordon Parkway','2001-04-26','2022-09-18 16:31:00'),(888,'Issiah','Jakubovits','ijakubovitson@oracle.com','(836) 4367283','663 Graedel Center','1983-12-11','2022-12-31 16:43:00'),(889,'Mason','Pashby','mpashbyoo@ow.ly','(437) 9337445','6839 Ruskin Circle','2017-08-25','2022-12-22 00:07:00'),(890,'Verina','Culvey','vculveyop@odnoklassniki.ru','(176) 8582789','785 Dwight Avenue','1953-11-16','2024-05-27 00:12:00'),(891,'Roch','MacConnechie','rmacconnechieoq@posterous.com','(648) 1944679','25738 Oneill Lane','1935-07-26','2024-05-26 15:54:00'),(892,'Tammie','Gornall','tgornallor@youku.com','(194) 6460942','050 Doe Crossing Point','1924-10-21','2023-04-16 00:43:00'),(893,'Udale','Stevings','ustevingsos@washingtonpost.com','(249) 6897300','72 Melrose Lane','2002-04-14','2022-12-21 10:03:00'),(894,'Cord','McUre','cmcureot@storify.com','(673) 9318867','0322 Westridge Point','1963-04-17','2023-02-04 11:04:00'),(895,'Arturo','Moscrop','amoscropou@icio.us','(763) 6577044','57 Westerfield Center','1995-04-05','2024-05-09 21:24:00'),(896,'Rodrigo','Minchinton','rminchintonov@sun.com','(284) 4317475','8 Thompson Plaza','1977-03-09','2024-05-25 05:32:00'),(897,'Kelcey','Stairmand','kstairmandow@exblog.jp','(474) 3297963','3 Center Center','2005-06-12','2022-08-11 22:59:00'),(898,'Izabel','Fleeman','ifleemanox@squidoo.com','(749) 9671661','12 Maple Wood Junction','1963-04-29','2022-11-02 23:04:00'),(899,'Percy','Rudham','prudhamoy@oracle.com','(871) 4581077','7500 Red Cloud Avenue','1970-04-23','2022-08-30 12:21:00'),(900,'Paco','Hancill','phancilloz@com.com','(637) 8251822','8242 Duke Point','2002-03-27','2022-12-31 21:56:00'),(901,'Sheryl','Birkett','sbirkettp0@shareasale.com','(179) 1572139','2335 Homewood Crossing','1980-12-02','2023-06-28 06:36:00'),(902,'Lorry','Rodnight','lrodnightp1@cnbc.com','(596) 2277025','96872 Namekagon Circle','1941-01-14','2023-09-12 05:46:00'),(903,'Pattie','Garnson','pgarnsonp2@oaic.gov.au','(572) 4149398','91 Village Alley','1942-05-28','2024-04-01 19:24:00'),(904,'Tanya','Johnes','tjohnesp3@addtoany.com','(952) 1923025','7068 Macpherson Parkway','1945-09-08','2022-12-22 10:16:00'),(905,'Thedric','Comizzoli','tcomizzolip4@columbia.edu','(994) 3967617','8 Summer Ridge Circle','1936-01-10','2022-12-23 12:06:00'),(906,'Meris','Garrould','mgarrouldp5@cloudflare.com','(651) 8324167','1 Gina Road','1944-11-17','2024-07-02 12:17:00'),(907,'Alleyn','Loalday','aloaldayp6@com.com','(425) 7431084','00919 Messerschmidt Point','2012-04-21','2023-09-18 19:57:00'),(908,'Vilma','Benasik','vbenasikp7@myspace.com','(792) 6428918','98 Kim Circle','2017-08-04','2023-11-15 23:31:00'),(909,'Sloane','Calven','scalvenp8@example.com','(745) 1445961','11289 Lighthouse Bay Crossing','2018-10-22','2024-06-28 08:47:00'),(910,'Modestine','Foltin','mfoltinp9@goodreads.com','(240) 3510897','979 Eagle Crest Drive','1931-04-12','2024-02-27 22:04:00'),(911,'Anica','Dionisio','adionisiopa@cnet.com','(719) 3665902','5701 Comanche Terrace','1931-07-03','2023-02-10 15:54:00'),(912,'Chadwick','Bust','cbustpb@imdb.com','(185) 5406578','0565 Luster Terrace','1971-01-24','2023-11-02 09:26:00'),(913,'Marti','Dod','mdodpc@disqus.com','(680) 6555885','8 Stuart Avenue','1948-03-01','2022-12-09 08:37:00'),(914,'Gerek','Ballham','gballhampd@tiny.cc','(228) 9217448','63 Randy Point','1933-09-28','2024-04-22 09:44:00'),(915,'Rolfe','Friary','rfriarype@aboutads.info','(464) 5769658','60 Aberg Road','2013-02-10','2023-05-29 15:59:00'),(916,'Reuben','Housego','rhousegopf@feedburner.com','(397) 3418547','9737 Prentice Avenue','1933-01-15','2023-08-28 01:51:00'),(917,'Rochelle','Anthona','ranthonapg@blogtalkradio.com','(704) 8915687','24 Toban Junction','1979-11-05','2023-02-23 08:09:00'),(918,'Rik','Sibray','rsibrayph@reverbnation.com','(995) 6505648','8776 Novick Park','1944-04-20','2022-12-08 22:15:00'),(919,'Vasilis','Vauter','vvauterpi@themeforest.net','(613) 4983503','5310 Vahlen Street','1990-11-19','2022-08-24 10:09:00'),(920,'Stuart','Varker','svarkerpj@twitter.com','(621) 9074379','54 School Terrace','2021-08-19','2023-04-28 23:47:00'),(921,'Belita','Seiter','bseiterpk@cnbc.com','(854) 5168490','5641 Schlimgen Avenue','1972-06-24','2023-10-19 04:09:00'),(922,'Mose','Witham','mwithampl@weather.com','(303) 4068905','7 Westerfield Terrace','1928-05-23','2023-09-06 02:30:00'),(923,'Dorelia','Sanders','dsanderspm@vimeo.com','(398) 5100847','75372 Magdeline Point','2023-04-04','2022-08-15 06:45:00'),(924,'Perla','Abdee','pabdeepn@google.co.uk','(535) 2978815','2024 Towne Road','2003-09-21','2024-02-20 01:02:00'),(925,'Carlen','Mallan','cmallanpo@nih.gov','(334) 5914199','32 Ramsey Crossing','1960-01-25','2023-09-28 07:15:00'),(926,'Rockie','McDugal','rmcdugalpp@huffingtonpost.com','(357) 6345868','10 Westend Hill','2005-05-31','2022-12-03 16:11:00'),(927,'Brandyn','Heugh','bheughpq@people.com.cn','(764) 7701165','72542 Boyd Parkway','2003-10-03','2023-06-01 15:11:00'),(928,'Lyndsey','Grise','lgrisepr@chicagotribune.com','(307) 4681989','4263 Kim Junction','2012-01-04','2022-08-02 03:42:00'),(929,'Deerdre','Leavesley','dleavesleyps@nyu.edu','(814) 6649564','55360 Drewry Court','2006-03-17','2023-06-16 17:23:00'),(930,'Brad','Perone','bperonept@t.co','(130) 2011473','2 Scott Parkway','1932-04-18','2023-12-27 10:58:00'),(931,'Ryun','Clapston','rclapstonpu@unblog.fr','(510) 2084298','04047 Warbler Drive','1967-01-21','2023-10-01 11:34:00'),(932,'Amberly','Bramont','abramontpv@washingtonpost.com','(103) 2241084','4492 Luster Pass','1998-05-16','2023-06-27 17:22:00'),(933,'Maggee','Broom','mbroompw@wikia.com','(815) 4225504','35206 Longview Center','1988-10-30','2023-05-15 18:08:00'),(934,'Ahmed','Colley','acolleypx@upenn.edu','(824) 4006833','14 Burrows Alley','1960-04-06','2022-12-30 04:22:00'),(935,'Gisela','Stucksbury','gstucksburypy@smugmug.com','(885) 6583380','297 Northview Park','1996-09-18','2023-02-20 12:22:00'),(936,'Auberon','Dehm','adehmpz@barnesandnoble.com','(539) 7196569','5748 Briar Crest Crossing','1973-06-16','2024-04-26 00:09:00'),(937,'Wittie','Stiffkins','wstiffkinsq0@statcounter.com','(102) 9620789','20 Mendota Drive','2005-08-20','2023-01-14 05:06:00'),(938,'Thayne','Jillins','tjillinsq1@macromedia.com','(870) 2983919','350 Blackbird Alley','1992-05-15','2023-05-19 01:28:00'),(939,'Veradis','Houlson','vhoulsonq2@google.it','(432) 7123353','66823 Vera Court','1950-08-26','2022-09-02 19:52:00'),(940,'Wrennie','Taphouse','wtaphouseq3@theguardian.com','(819) 7868555','974 Dexter Lane','1979-06-14','2023-01-08 10:34:00'),(941,'Robinette','Horder','rhorderq4@google.com','(495) 1605553','67 Holy Cross Lane','2001-08-08','2023-07-29 14:55:00'),(942,'Dynah','Abelwhite','dabelwhiteq5@opera.com','(605) 7261689','57 Division Pass','1977-01-23','2024-04-30 00:56:00'),(943,'Padriac','Speir','pspeirq6@bluehost.com','(375) 6199819','143 Sage Park','2001-11-19','2024-04-13 13:19:00'),(944,'Lock','Bellocht','lbellochtq7@epa.gov','(793) 8171927','7 Stuart Point','1948-04-12','2024-01-11 05:12:00'),(945,'Logan','Schukraft','lschukraftq8@wikimedia.org','(197) 5049305','48298 Park Meadow Place','1948-07-28','2023-08-28 21:46:00'),(946,'Gweneth','Brambell','gbrambellq9@clickbank.net','(212) 9214425','47 Jackson Parkway','1996-05-11','2023-01-05 00:16:00'),(947,'Brianne','Swannell','bswannellqa@pagesperso-orange.fr','(395) 3896888','4 Blue Bill Park Court','1987-07-27','2022-11-19 14:39:00'),(948,'Ardella','Reye','areyeqb@typepad.com','(756) 3635605','24 Lakeland Lane','1940-04-21','2023-11-20 05:02:00'),(949,'Janina','Iianon','jiianonqc@studiopress.com','(901) 7276910','1 Bultman Place','1947-11-27','2024-03-15 01:36:00'),(950,'Fifi','Fante','ffanteqd@pbs.org','(451) 6112621','21307 Debra Point','1925-04-02','2023-07-10 21:19:00'),(951,'Alethea','Hudel','ahudelqe@indiegogo.com','(163) 4705050','1 Nobel Center','1940-12-05','2024-03-10 14:59:00'),(952,'Logan','Stiddard','lstiddardqf@wiley.com','(340) 2447057','66 Golf Road','1977-03-13','2023-11-17 21:01:00'),(953,'Gage','Swinn','gswinnqg@rambler.ru','(506) 5849828','4 Independence Terrace','1964-05-20','2023-01-08 09:40:00'),(954,'Vin','Whates','vwhatesqh@chronoengine.com','(512) 8506191','7319 Vernon Pass','2016-08-26','2022-12-30 00:52:00'),(955,'Callida','Najara','cnajaraqi@cbslocal.com','(630) 1199422','40865 Heffernan Avenue','1929-03-03','2023-12-07 07:47:00'),(956,'Filippa','Monnoyer','fmonnoyerqj@stanford.edu','(285) 9214368','1211 Warrior Plaza','2002-07-09','2024-06-11 06:06:00'),(957,'Michele','Bourdel','mbourdelqk@lulu.com','(830) 3166371','44 Eagle Crest Point','1959-12-16','2023-08-04 20:51:00'),(958,'Timothy','Hurle','thurleql@xing.com','(530) 3723503','36 Arizona Pass','1935-08-05','2023-10-06 20:15:00'),(959,'Ernestine','Webb-Bowen','ewebbbowenqm@marketwatch.com','(967) 1586613','87 Ridge Oak Alley','1990-09-16','2023-08-17 19:13:00'),(960,'Wilden','Roast','wroastqn@marketwatch.com','(362) 4334042','7 Walton Trail','1944-12-05','2023-07-12 06:29:00'),(961,'Emlen','Semonin','esemoninqo@addthis.com','(947) 1562804','005 Colorado Lane','1971-08-24','2023-05-21 13:35:00'),(962,'Fidelity','Hirsthouse','fhirsthouseqp@barnesandnoble.com','(641) 4802825','5 Sachtjen Place','1969-05-06','2023-04-12 13:46:00'),(963,'Isaac','Yarr','iyarrqq@twitter.com','(185) 4200156','1 Eagle Crest Crossing','2003-04-30','2024-05-03 20:24:00'),(964,'Loralyn','Switzer','lswitzerqr@youtube.com','(216) 9580080','3316 Mockingbird Avenue','1977-01-09','2024-03-14 23:51:00'),(965,'Ulrich','Klimko','uklimkoqs@oracle.com','(993) 6877343','3 Arizona Plaza','1995-12-27','2023-08-27 04:51:00'),(966,'Adam','Durning','adurningqt@state.gov','(648) 4321984','0 Westend Way','1930-11-13','2023-09-09 15:44:00'),(967,'Maxie','Dalziell','mdalziellqu@mozilla.org','(301) 2871082','3 Muir Place','1925-07-15','2023-11-24 12:01:00'),(968,'Tracey','Papez','tpapezqv@businessweek.com','(281) 8491718','35805 Daystar Place','1942-06-29','2023-03-01 05:37:00'),(969,'Austina','Heams','aheamsqw@cdc.gov','(817) 1319916','795 Comanche Avenue','2018-02-11','2023-10-13 18:02:00'),(970,'Jeno','Retchless','jretchlessqx@gmpg.org','(804) 2051895','72 Butternut Center','1992-05-31','2022-12-08 20:27:00'),(971,'Dario','Dingwall','ddingwallqy@example.com','(971) 6366372','97 Bay Drive','1954-06-27','2024-05-21 09:28:00'),(972,'Tymon','Crimes','tcrimesqz@ustream.tv','(227) 7357820','77146 Anhalt Court','2004-11-05','2022-11-23 14:16:00'),(973,'Eirena','Nabarro','enabarror0@weather.com','(350) 6367131','2309 Homewood Lane','2017-03-10','2023-10-02 05:41:00'),(974,'Kata','Gibbon','kgibbonr1@4shared.com','(346) 6003790','23883 Graedel Plaza','1933-09-28','2022-08-10 13:00:00'),(975,'Amalia','Brind','abrindr2@usda.gov','(320) 7895502','23 Mayfield Place','2009-04-15','2023-02-22 08:27:00'),(976,'Arden','Henrot','ahenrotr3@loc.gov','(203) 2758866','9 Ludington Center','1941-12-30','2023-05-25 21:45:00'),(977,'Udell','Avramovic','uavramovicr4@indiegogo.com','(929) 5177175','07 Lindbergh Parkway','1924-08-05','2023-01-20 06:13:00'),(978,'Sherwood','Hellwig','shellwigr5@china.com.cn','(643) 7109005','817 Sauthoff Alley','1992-07-27','2023-07-31 21:25:00'),(979,'Catharina','Malloy','cmalloyr6@tmall.com','(687) 7278413','30320 Farmco Trail','1944-08-15','2023-05-25 21:20:00'),(980,'Kean','Senecaut','ksenecautr7@sina.com.cn','(208) 6361209','957 Blue Bill Park Plaza','1961-10-29','2023-09-30 23:32:00'),(981,'Nathanil','Cawthra','ncawthrar8@tmall.com','(357) 6715445','83299 Carpenter Avenue','2022-10-05','2022-12-22 12:17:00'),(982,'Marlane','Beggini','mbegginir9@elpais.com','(946) 9079732','81 Pond Circle','2012-08-25','2023-01-09 06:06:00'),(983,'Averil','Corselles','acorsellesra@unesco.org','(674) 5933263','243 Little Fleur Avenue','1949-10-02','2024-05-30 13:05:00'),(984,'Sophia','Casewell','scasewellrb@state.gov','(536) 9842034','9157 Mesta Pass','1954-07-18','2023-03-16 21:09:00'),(985,'Ossie','Longdon','olongdonrc@blogtalkradio.com','(408) 3435172','161 Oak Valley Alley','2011-04-29','2022-12-21 01:43:00'),(986,'Jasper','Grgic','jgrgicrd@studiopress.com','(614) 2082516','0 Riverside Alley','1959-02-10','2023-03-14 02:40:00'),(987,'Glenda','Arrow','garrowre@taobao.com','(847) 4765260','9 Cascade Place','1925-04-03','2022-09-13 10:44:00'),(988,'Pauly','Graddell','pgraddellrf@macromedia.com','(775) 3328224','9200 Kipling Circle','2012-01-20','2023-02-18 22:24:00'),(989,'Perle','Lepard','plepardrg@phpbb.com','(629) 8961986','1402 Ohio Hill','1994-01-04','2023-09-28 16:09:00'),(990,'Rex','Thiolier','rthiolierrh@microsoft.com','(757) 9688637','689 Ludington Alley','1931-06-06','2022-08-24 09:25:00'),(991,'Courtnay','Swainsbury','cswainsburyri@jiathis.com','(986) 7263580','6105 Sauthoff Terrace','1934-05-06','2024-03-28 05:23:00'),(992,'Kasper','Chidgey','kchidgeyrj@sakura.ne.jp','(980) 3019280','3 Larry Avenue','2002-02-16','2023-01-12 21:59:00'),(993,'Pearline','Marnes','pmarnesrk@wufoo.com','(548) 7565688','31986 Corscot Pass','1949-05-25','2024-04-27 17:37:00'),(994,'Orson','Best','obestrl@github.com','(107) 6204644','9 Northview Alley','1991-12-03','2024-03-05 14:31:00'),(995,'Nathanael','Barrat','nbarratrm@epa.gov','(573) 7841410','58 Straubel Avenue','1924-02-17','2023-04-05 05:20:00'),(996,'Tiertza','Cuss','tcussrn@google.fr','(426) 8466654','04811 Waywood Avenue','1937-07-11','2023-03-14 19:05:00'),(997,'Maia','Wye','mwyero@fastcompany.com','(739) 3458224','69484 Forster Park','1947-04-22','2023-06-10 16:39:00'),(998,'Carita','MacKill','cmackillrp@angelfire.com','(297) 9290971','640 Corscot Crossing','2021-03-28','2023-10-11 10:47:00'),(999,'Drona','Birkwood','dbirkwoodrq@imageshack.us','(161) 3743949','24496 Leroy Pass','1940-08-30','2023-11-18 02:06:00'),(1000,'Sharia','Eynon','seynonrr@freewebs.com','(278) 3426153','7532 Hansons Plaza','1962-04-23','2023-06-05 23:36:00');
/*!40000 ALTER TABLE `users` ENABLE KEYS */;
UNLOCK TABLES;

--
-- Dumping routines for database 'cafealpaso_diazpaula'
--
/*!50003 DROP FUNCTION IF EXISTS `AverageRating` */;
/*!50003 SET @saved_cs_client      = @@character_set_client */ ;
/*!50003 SET @saved_cs_results     = @@character_set_results */ ;
/*!50003 SET @saved_col_connection = @@collation_connection */ ;
/*!50003 SET character_set_client  = utf8mb4 */ ;
/*!50003 SET character_set_results = utf8mb4 */ ;
/*!50003 SET collation_connection  = utf8mb4_0900_ai_ci */ ;
/*!50003 SET @saved_sql_mode       = @@sql_mode */ ;
/*!50003 SET sql_mode              = 'ONLY_FULL_GROUP_BY,STRICT_TRANS_TABLES,NO_ZERO_IN_DATE,NO_ZERO_DATE,ERROR_FOR_DIVISION_BY_ZERO,NO_ENGINE_SUBSTITUTION' */ ;
DELIMITER ;;
CREATE DEFINER=`root`@`localhost` FUNCTION `AverageRating`(cafeteriaId INT) RETURNS decimal(3,2)
BEGIN
    DECLARE avgRating DECIMAL(3,2);
    SELECT AVG(RATING) INTO avgRating
    FROM REVIEWS
    WHERE CAFETERIA_ID = cafeteriaId;
    RETURN avgRating;
END ;;
DELIMITER ;
/*!50003 SET sql_mode              = @saved_sql_mode */ ;
/*!50003 SET character_set_client  = @saved_cs_client */ ;
/*!50003 SET character_set_results = @saved_cs_results */ ;
/*!50003 SET collation_connection  = @saved_col_connection */ ;
/*!50003 DROP FUNCTION IF EXISTS `CalculateTotalPaymentsByMethod` */;
/*!50003 SET @saved_cs_client      = @@character_set_client */ ;
/*!50003 SET @saved_cs_results     = @@character_set_results */ ;
/*!50003 SET @saved_col_connection = @@collation_connection */ ;
/*!50003 SET character_set_client  = utf8mb4 */ ;
/*!50003 SET character_set_results = utf8mb4 */ ;
/*!50003 SET collation_connection  = utf8mb4_0900_ai_ci */ ;
/*!50003 SET @saved_sql_mode       = @@sql_mode */ ;
/*!50003 SET sql_mode              = 'ONLY_FULL_GROUP_BY,STRICT_TRANS_TABLES,NO_ZERO_IN_DATE,NO_ZERO_DATE,ERROR_FOR_DIVISION_BY_ZERO,NO_ENGINE_SUBSTITUTION' */ ;
DELIMITER ;;
CREATE DEFINER=`root`@`localhost` FUNCTION `CalculateTotalPaymentsByMethod`(method VARCHAR(30)) RETURNS decimal(10,2)
BEGIN
    DECLARE totalPayments DECIMAL(10,2);
    
    -- Calcular la suma total de pagos para el método especificado
    SELECT 
        COALESCE(SUM(PAYMENT), 0) INTO totalPayments
    FROM 
        PAYMENT_HISTORY
    WHERE 
        PAYMENT_METHOD = method;

    RETURN totalPayments;
end ;;
DELIMITER ;
/*!50003 SET sql_mode              = @saved_sql_mode */ ;
/*!50003 SET character_set_client  = @saved_cs_client */ ;
/*!50003 SET character_set_results = @saved_cs_results */ ;
/*!50003 SET collation_connection  = @saved_col_connection */ ;
/*!50003 DROP FUNCTION IF EXISTS `TotalConsumptions` */;
/*!50003 SET @saved_cs_client      = @@character_set_client */ ;
/*!50003 SET @saved_cs_results     = @@character_set_results */ ;
/*!50003 SET @saved_col_connection = @@collation_connection */ ;
/*!50003 SET character_set_client  = utf8mb4 */ ;
/*!50003 SET character_set_results = utf8mb4 */ ;
/*!50003 SET collation_connection  = utf8mb4_0900_ai_ci */ ;
/*!50003 SET @saved_sql_mode       = @@sql_mode */ ;
/*!50003 SET sql_mode              = 'ONLY_FULL_GROUP_BY,STRICT_TRANS_TABLES,NO_ZERO_IN_DATE,NO_ZERO_DATE,ERROR_FOR_DIVISION_BY_ZERO,NO_ENGINE_SUBSTITUTION' */ ;
DELIMITER ;;
CREATE DEFINER=`root`@`localhost` FUNCTION `TotalConsumptions`(userId INT) RETURNS int
BEGIN
    DECLARE total INT;
    SELECT COUNT(*) INTO total
    FROM CONSUMPTIONS
    WHERE USER_ID = userId;
    RETURN total;
END ;;
DELIMITER ;
/*!50003 SET sql_mode              = @saved_sql_mode */ ;
/*!50003 SET character_set_client  = @saved_cs_client */ ;
/*!50003 SET character_set_results = @saved_cs_results */ ;
/*!50003 SET collation_connection  = @saved_col_connection */ ;
/*!50003 DROP PROCEDURE IF EXISTS `GetCafeteriaConsumptionStats` */;
/*!50003 SET @saved_cs_client      = @@character_set_client */ ;
/*!50003 SET @saved_cs_results     = @@character_set_results */ ;
/*!50003 SET @saved_col_connection = @@collation_connection */ ;
/*!50003 SET character_set_client  = utf8mb4 */ ;
/*!50003 SET character_set_results = utf8mb4 */ ;
/*!50003 SET collation_connection  = utf8mb4_0900_ai_ci */ ;
/*!50003 SET @saved_sql_mode       = @@sql_mode */ ;
/*!50003 SET sql_mode              = 'ONLY_FULL_GROUP_BY,STRICT_TRANS_TABLES,NO_ZERO_IN_DATE,NO_ZERO_DATE,ERROR_FOR_DIVISION_BY_ZERO,NO_ENGINE_SUBSTITUTION' */ ;
DELIMITER ;;
CREATE DEFINER=`root`@`localhost` PROCEDURE `GetCafeteriaConsumptionStats`(
    IN cafId INT,
    IN startDate DATE,
    IN endDate DATE
)
BEGIN
    DECLARE totalConsumptions INT;
    DECLARE avgDailyConsumptions DECIMAL(10,4);

    -- Calcular el total de consumiciones
    SELECT COUNT(*) INTO totalConsumptions
    FROM Consumptions
    WHERE CAFETERIA_ID = cafId
      AND DATE BETWEEN startDate AND endDate;

    -- Calcular el promedio diario de consumiciones
    SELECT IFNULL(
        (SELECT COUNT(*) / DATEDIFF(endDate, startDate) + 1
         FROM Consumptions
         WHERE CAFETERIA_ID = cafId
           AND DATE BETWEEN startDate AND endDate), 0
    ) INTO avgDailyConsumptions;

    -- Devolver los resultados
    SELECT totalConsumptions, avgDailyConsumptions;
end ;;
DELIMITER ;
/*!50003 SET sql_mode              = @saved_sql_mode */ ;
/*!50003 SET character_set_client  = @saved_cs_client */ ;
/*!50003 SET character_set_results = @saved_cs_results */ ;
/*!50003 SET collation_connection  = @saved_col_connection */ ;
/*!50003 DROP PROCEDURE IF EXISTS `GetCoffeeTypeConsumptionSummary` */;
/*!50003 SET @saved_cs_client      = @@character_set_client */ ;
/*!50003 SET @saved_cs_results     = @@character_set_results */ ;
/*!50003 SET @saved_col_connection = @@collation_connection */ ;
/*!50003 SET character_set_client  = utf8mb4 */ ;
/*!50003 SET character_set_results = utf8mb4 */ ;
/*!50003 SET collation_connection  = utf8mb4_0900_ai_ci */ ;
/*!50003 SET @saved_sql_mode       = @@sql_mode */ ;
/*!50003 SET sql_mode              = 'ONLY_FULL_GROUP_BY,STRICT_TRANS_TABLES,NO_ZERO_IN_DATE,NO_ZERO_DATE,ERROR_FOR_DIVISION_BY_ZERO,NO_ENGINE_SUBSTITUTION' */ ;
DELIMITER ;;
CREATE DEFINER=`root`@`localhost` PROCEDURE `GetCoffeeTypeConsumptionSummary`(
    IN startDate DATE,
    IN endDate DATE
)
BEGIN
    SELECT 
        TYPE, 
        COUNT(*) AS Total_Consumptions
    FROM Consumptions
    WHERE DATE BETWEEN startDate AND endDate
    GROUP BY TYPE;
end ;;
DELIMITER ;
/*!50003 SET sql_mode              = @saved_sql_mode */ ;
/*!50003 SET character_set_client  = @saved_cs_client */ ;
/*!50003 SET character_set_results = @saved_cs_results */ ;
/*!50003 SET collation_connection  = @saved_col_connection */ ;

--
-- Final view structure for view `active_promotions_vw`
--

/*!50001 DROP VIEW IF EXISTS `active_promotions_vw`*/;
/*!50001 SET @saved_cs_client          = @@character_set_client */;
/*!50001 SET @saved_cs_results         = @@character_set_results */;
/*!50001 SET @saved_col_connection     = @@collation_connection */;
/*!50001 SET character_set_client      = utf8mb4 */;
/*!50001 SET character_set_results     = utf8mb4 */;
/*!50001 SET collation_connection      = utf8mb4_0900_ai_ci */;
/*!50001 CREATE ALGORITHM=UNDEFINED */
/*!50013 DEFINER=`root`@`localhost` SQL SECURITY DEFINER */
/*!50001 VIEW `active_promotions_vw` AS select `p`.`PROMOTION_NAME` AS `PROMOTION_NAME`,`p`.`DISCOUNT` AS `DISCOUNT`,`p`.`START_DATE` AS `START_DATE`,`p`.`END_DATE` AS `END_DATE`,`p`.`APPLICABLE_TO_ALL` AS `APPLICABLE_TO_ALL`,`p`.`USER_ID` AS `USER_ID`,`p`.`PLAN_ID` AS `PLAN_ID` from `promotions` `p` where ((`p`.`START_DATE` <= now()) and (`p`.`END_DATE` >= now())) */;
/*!50001 SET character_set_client      = @saved_cs_client */;
/*!50001 SET character_set_results     = @saved_cs_results */;
/*!50001 SET collation_connection      = @saved_col_connection */;

--
-- Final view structure for view `cafeteria_menu_items_vw`
--

/*!50001 DROP VIEW IF EXISTS `cafeteria_menu_items_vw`*/;
/*!50001 SET @saved_cs_client          = @@character_set_client */;
/*!50001 SET @saved_cs_results         = @@character_set_results */;
/*!50001 SET @saved_col_connection     = @@collation_connection */;
/*!50001 SET character_set_client      = utf8mb4 */;
/*!50001 SET character_set_results     = utf8mb4 */;
/*!50001 SET collation_connection      = utf8mb4_0900_ai_ci */;
/*!50001 CREATE ALGORITHM=UNDEFINED */
/*!50013 DEFINER=`root`@`localhost` SQL SECURITY DEFINER */
/*!50001 VIEW `cafeteria_menu_items_vw` AS select `caf`.`CAFETERIA_ID` AS `CAFETERIA_ID`,`caf`.`NAME` AS `NAME`,`mi`.`ITEM_ID` AS `ITEM_ID`,`mi`.`ITEM_NAME` AS `ITEM_NAME`,`mi`.`ITEM_TYPE` AS `ITEM_TYPE` from ((`cafeterias` `caf` join `cafeteria_menu` `cm` on((`caf`.`CAFETERIA_ID` = `cm`.`CAFETERIA_ID`))) join `menu_items` `mi` on((`cm`.`ITEM_ID` = `mi`.`ITEM_ID`))) */;
/*!50001 SET character_set_client      = @saved_cs_client */;
/*!50001 SET character_set_results     = @saved_cs_results */;
/*!50001 SET collation_connection      = @saved_col_connection */;

--
-- Final view structure for view `cafeteria_reviews_vw`
--

/*!50001 DROP VIEW IF EXISTS `cafeteria_reviews_vw`*/;
/*!50001 SET @saved_cs_client          = @@character_set_client */;
/*!50001 SET @saved_cs_results         = @@character_set_results */;
/*!50001 SET @saved_col_connection     = @@collation_connection */;
/*!50001 SET character_set_client      = utf8mb4 */;
/*!50001 SET character_set_results     = utf8mb4 */;
/*!50001 SET collation_connection      = utf8mb4_0900_ai_ci */;
/*!50001 CREATE ALGORITHM=UNDEFINED */
/*!50013 DEFINER=`root`@`localhost` SQL SECURITY DEFINER */
/*!50001 VIEW `cafeteria_reviews_vw` AS select `r`.`CAFETERIA_ID` AS `CAFETERIA_ID`,`caf`.`NAME` AS `NAME`,count(`r`.`REVIEW_ID`) AS `REVIEW_COUNT`,avg(`r`.`RATING`) AS `AVERAGE_RATING` from (`reviews` `r` join `cafeterias` `caf` on((`r`.`CAFETERIA_ID` = `caf`.`CAFETERIA_ID`))) group by `r`.`CAFETERIA_ID` */;
/*!50001 SET character_set_client      = @saved_cs_client */;
/*!50001 SET character_set_results     = @saved_cs_results */;
/*!50001 SET collation_connection      = @saved_col_connection */;

--
-- Final view structure for view `user_consumption_summary_vw`
--

/*!50001 DROP VIEW IF EXISTS `user_consumption_summary_vw`*/;
/*!50001 SET @saved_cs_client          = @@character_set_client */;
/*!50001 SET @saved_cs_results         = @@character_set_results */;
/*!50001 SET @saved_col_connection     = @@collation_connection */;
/*!50001 SET character_set_client      = utf8mb4 */;
/*!50001 SET character_set_results     = utf8mb4 */;
/*!50001 SET collation_connection      = utf8mb4_0900_ai_ci */;
/*!50001 CREATE ALGORITHM=UNDEFINED */
/*!50013 DEFINER=`root`@`localhost` SQL SECURITY DEFINER */
/*!50001 VIEW `user_consumption_summary_vw` AS select `u`.`USER_ID` AS `USER_ID`,concat(`u`.`FIRST_NAME`,' ',`u`.`LAST_NAME`) AS `USER_NAME`,count(`c`.`CONSUMPTION_ID`) AS `TOTAL_CONSUMPTIONS`,`sp`.`PLAN_NAME` AS `SUBSCRIPTION_PLAN` from (((`users` `u` left join `consumptions` `c` on((`u`.`USER_ID` = `c`.`USER_ID`))) left join `subscription` `s` on((`u`.`USER_ID` = `s`.`USER_ID`))) left join `subscription_plans` `sp` on((`s`.`PLAN_ID` = `sp`.`PLAN_ID`))) group by `u`.`USER_ID`,`u`.`FIRST_NAME`,`u`.`LAST_NAME`,`sp`.`PLAN_NAME` */;
/*!50001 SET character_set_client      = @saved_cs_client */;
/*!50001 SET character_set_results     = @saved_cs_results */;
/*!50001 SET collation_connection      = @saved_col_connection */;
/*!40103 SET TIME_ZONE=@OLD_TIME_ZONE */;

/*!40101 SET SQL_MODE=@OLD_SQL_MODE */;
/*!40014 SET FOREIGN_KEY_CHECKS=@OLD_FOREIGN_KEY_CHECKS */;
/*!40014 SET UNIQUE_CHECKS=@OLD_UNIQUE_CHECKS */;
/*!40101 SET CHARACTER_SET_CLIENT=@OLD_CHARACTER_SET_CLIENT */;
/*!40101 SET CHARACTER_SET_RESULTS=@OLD_CHARACTER_SET_RESULTS */;
/*!40101 SET COLLATION_CONNECTION=@OLD_COLLATION_CONNECTION */;
/*!40111 SET SQL_NOTES=@OLD_SQL_NOTES */;

-- Dump completed on 2024-08-25 18:38:25
